"p1_red","farm_red","pct_hunt","scenario","mean_prev","fadeout"
0,0,0.2,"spillover",0.182437243335904,0.26
0,0,0.5,"spillover",0.167065086503664,0.29
0,0,0.95,"spillover",0.171926998771819,0.298
0,0.05,0.2,"spillover",0.181643554789666,0.28
0,0.05,0.5,"spillover",0.17380727254962,0.318
0,0.05,0.95,"spillover",0.156710781104888,0.348
0,0.1,0.2,"spillover",0.159695245191879,0.342
0,0.1,0.5,"spillover",0.163860675318038,0.318
0,0.1,0.95,"spillover",0.150017263262299,0.316
0,0.15,0.2,"spillover",0.148449904620154,0.36
0,0.15,0.5,"spillover",0.149443243342294,0.368
0,0.15,0.95,"spillover",0.161084861711396,0.342
0,0.2,0.2,"spillover",0.155431871751351,0.372
0,0.2,0.5,"spillover",0.144379987854596,0.336
0,0.2,0.95,"spillover",0.138581627079362,0.412
0,0.25,0.2,"spillover",0.138520004579033,0.426
0,0.25,0.5,"spillover",0.133617655806694,0.378
0,0.25,0.95,"spillover",0.122101855367854,0.37
0,0.3,0.2,"spillover",0.125435268043587,0.436
0,0.3,0.5,"spillover",0.125254719184006,0.404
0,0.3,0.95,"spillover",0.118857432897386,0.468
0,0.35,0.2,"spillover",0.115671524682418,0.424
0,0.35,0.5,"spillover",0.106971075255301,0.484
0,0.35,0.95,"spillover",0.115288542815385,0.424
0,0.4,0.2,"spillover",0.119425081489406,0.47
0,0.4,0.5,"spillover",0.109533543656519,0.482
0,0.4,0.95,"spillover",0.124211298347551,0.478
0,0.45,0.2,"spillover",0.0913503309083078,0.496
0,0.45,0.5,"spillover",0.0982192071878486,0.506
0,0.45,0.95,"spillover",0.111409200562183,0.498
0,0.5,0.2,"spillover",0.0847771490494204,0.536
0,0.5,0.5,"spillover",0.0932623037549897,0.542
0,0.5,0.95,"spillover",0.0858201802319406,0.544
0,0.55,0.2,"spillover",0.0870017336875621,0.564
0,0.55,0.5,"spillover",0.0795113841144193,0.49
0,0.55,0.95,"spillover",0.0849064571274318,0.586
0,0.6,0.2,"spillover",0.0695237117790701,0.64
0,0.6,0.5,"spillover",0.0689507470429839,0.646
0,0.6,0.95,"spillover",0.0785706755101665,0.588
0,0.65,0.2,"spillover",0.067768744317811,0.692
0,0.65,0.5,"spillover",0.0647204567053545,0.67
0,0.65,0.95,"spillover",0.0625467558780176,0.626
0,0.7,0.2,"spillover",0.058290298294516,0.728
0,0.7,0.5,"spillover",0.055530174743194,0.682
0,0.7,0.95,"spillover",0.0552471771124452,0.716
0,0.75,0.2,"spillover",0.0407893789141556,0.758
0,0.75,0.5,"spillover",0.0459882936016239,0.774
0,0.75,0.95,"spillover",0.0432660207001231,0.75
0,0.8,0.2,"spillover",0.0424633794819128,0.792
0,0.8,0.5,"spillover",0.0394313065738573,0.788
0,0.8,0.95,"spillover",0.0336937748803086,0.77
0,0.85,0.2,"spillover",0.0256829489796018,0.844
0,0.85,0.5,"spillover",0.0268674639961321,0.868
0,0.85,0.95,"spillover",0.0286380104997375,0.834
0,0.9,0.2,"spillover",0.023262994443272,0.894
0,0.9,0.5,"spillover",0.0176891181049492,0.896
0,0.9,0.95,"spillover",0.0247939501612696,0.884
0,0.95,0.2,"spillover",0.0101147454421667,0.95
0,0.95,0.5,"spillover",0.00955184173619086,0.944
0,0.95,0.95,"spillover",0.0114363297066855,0.938
0,1,0.2,"spillover",0,1
0,1,0.5,"spillover",0,1
0,1,0.95,"spillover",0,1
0.05,0,0.2,"spillover",0.176688681305109,0.286
0.05,0,0.5,"spillover",0.180372922833349,0.278
0.05,0,0.95,"spillover",0.172784233345353,0.268
0.05,0.05,0.2,"spillover",0.164789275593973,0.3
0.05,0.05,0.5,"spillover",0.161150137616837,0.336
0.05,0.05,0.95,"spillover",0.159732594654072,0.316
0.05,0.1,0.2,"spillover",0.170136064281907,0.312
0.05,0.1,0.5,"spillover",0.142383292953371,0.306
0.05,0.1,0.95,"spillover",0.143749088970337,0.352
0.05,0.15,0.2,"spillover",0.145461521015329,0.38
0.05,0.15,0.5,"spillover",0.154859379966008,0.334
0.05,0.15,0.95,"spillover",0.162475349690444,0.366
0.05,0.2,0.2,"spillover",0.136031084027079,0.382
0.05,0.2,0.5,"spillover",0.152141890600817,0.39
0.05,0.2,0.95,"spillover",0.128418149547036,0.364
0.05,0.25,0.2,"spillover",0.150039344001416,0.38
0.05,0.25,0.5,"spillover",0.138682975180036,0.386
0.05,0.25,0.95,"spillover",0.137443445963467,0.378
0.05,0.3,0.2,"spillover",0.130407876032497,0.396
0.05,0.3,0.5,"spillover",0.131513854289412,0.414
0.05,0.3,0.95,"spillover",0.135116301251269,0.404
0.05,0.35,0.2,"spillover",0.114949027490602,0.47
0.05,0.35,0.5,"spillover",0.12968347271657,0.48
0.05,0.35,0.95,"spillover",0.118176078659491,0.48
0.05,0.4,0.2,"spillover",0.117234383578104,0.472
0.05,0.4,0.5,"spillover",0.0992095457064622,0.47
0.05,0.4,0.95,"spillover",0.104825181643465,0.51
0.05,0.45,0.2,"spillover",0.108037321794715,0.478
0.05,0.45,0.5,"spillover",0.0985878434401946,0.448
0.05,0.45,0.95,"spillover",0.100050339773859,0.528
0.05,0.5,0.2,"spillover",0.0919175317880207,0.546
0.05,0.5,0.5,"spillover",0.104429254936414,0.528
0.05,0.5,0.95,"spillover",0.0916258155532768,0.554
0.05,0.55,0.2,"spillover",0.089105410759347,0.566
0.05,0.55,0.5,"spillover",0.0829503775831752,0.574
0.05,0.55,0.95,"spillover",0.0846852256211202,0.546
0.05,0.6,0.2,"spillover",0.0735758370699643,0.644
0.05,0.6,0.5,"spillover",0.08067505935141,0.584
0.05,0.6,0.95,"spillover",0.0859950484468657,0.602
0.05,0.65,0.2,"spillover",0.0685026084106322,0.656
0.05,0.65,0.5,"spillover",0.0692452050027277,0.668
0.05,0.65,0.95,"spillover",0.0665027713739913,0.662
0.05,0.7,0.2,"spillover",0.0507416037009549,0.694
0.05,0.7,0.5,"spillover",0.0624079398406139,0.672
0.05,0.7,0.95,"spillover",0.0559493076651403,0.728
0.05,0.75,0.2,"spillover",0.0457380966288125,0.724
0.05,0.75,0.5,"spillover",0.0450222631882577,0.728
0.05,0.75,0.95,"spillover",0.0462134010382267,0.73
0.05,0.8,0.2,"spillover",0.0320622769421864,0.788
0.05,0.8,0.5,"spillover",0.034462631309898,0.798
0.05,0.8,0.95,"spillover",0.0383090153605686,0.804
0.05,0.85,0.2,"spillover",0.0261764743637496,0.826
0.05,0.85,0.5,"spillover",0.0253039573928207,0.814
0.05,0.85,0.95,"spillover",0.0291284689416113,0.834
0.05,0.9,0.2,"spillover",0.0212972869548121,0.896
0.05,0.9,0.5,"spillover",0.021217442986436,0.884
0.05,0.9,0.95,"spillover",0.0210806931476421,0.904
0.05,0.95,0.2,"spillover",0.00988556065665835,0.968
0.05,0.95,0.5,"spillover",0.0081746354643657,0.95
0.05,0.95,0.95,"spillover",0.0109062955115989,0.938
0.05,1,0.2,"spillover",0,1
0.05,1,0.5,"spillover",0,1
0.05,1,0.95,"spillover",0,1
0.1,0,0.2,"spillover",0.186039646013718,0.246
0.1,0,0.5,"spillover",0.184270687022064,0.298
0.1,0,0.95,"spillover",0.170932296778642,0.3
0.1,0.05,0.2,"spillover",0.15723000678176,0.314
0.1,0.05,0.5,"spillover",0.171778549858908,0.314
0.1,0.05,0.95,"spillover",0.170634668647557,0.322
0.1,0.1,0.2,"spillover",0.163240872062534,0.328
0.1,0.1,0.5,"spillover",0.163352731635106,0.342
0.1,0.1,0.95,"spillover",0.17289650462808,0.344
0.1,0.15,0.2,"spillover",0.156023294199493,0.382
0.1,0.15,0.5,"spillover",0.168031687894981,0.358
0.1,0.15,0.95,"spillover",0.145477253583302,0.35
0.1,0.2,0.2,"spillover",0.156119432376083,0.37
0.1,0.2,0.5,"spillover",0.143896042229324,0.41
0.1,0.2,0.95,"spillover",0.157468921613464,0.352
0.1,0.25,0.2,"spillover",0.151304432168592,0.376
0.1,0.25,0.5,"spillover",0.115562018166561,0.382
0.1,0.25,0.95,"spillover",0.131189705351794,0.396
0.1,0.3,0.2,"spillover",0.133650062532469,0.458
0.1,0.3,0.5,"spillover",0.125757052129384,0.448
0.1,0.3,0.95,"spillover",0.139568900276555,0.416
0.1,0.35,0.2,"spillover",0.121690249199068,0.442
0.1,0.35,0.5,"spillover",0.115802028499107,0.476
0.1,0.35,0.95,"spillover",0.115155905217019,0.444
0.1,0.4,0.2,"spillover",0.11961794241437,0.502
0.1,0.4,0.5,"spillover",0.11012330007719,0.482
0.1,0.4,0.95,"spillover",0.110446262039075,0.494
0.1,0.45,0.2,"spillover",0.102295935217501,0.528
0.1,0.45,0.5,"spillover",0.106247335876596,0.478
0.1,0.45,0.95,"spillover",0.10318750859162,0.498
0.1,0.5,0.2,"spillover",0.0989244810958253,0.518
0.1,0.5,0.5,"spillover",0.0949957283039344,0.564
0.1,0.5,0.95,"spillover",0.104356734276023,0.55
0.1,0.55,0.2,"spillover",0.0800131292880214,0.57
0.1,0.55,0.5,"spillover",0.0833445557117279,0.586
0.1,0.55,0.95,"spillover",0.0827919565060079,0.556
0.1,0.6,0.2,"spillover",0.0777777614873751,0.592
0.1,0.6,0.5,"spillover",0.0771123707000969,0.628
0.1,0.6,0.95,"spillover",0.0699776364613902,0.608
0.1,0.65,0.2,"spillover",0.0654976028257798,0.648
0.1,0.65,0.5,"spillover",0.0686927372088201,0.66
0.1,0.65,0.95,"spillover",0.075183557362815,0.632
0.1,0.7,0.2,"spillover",0.0546941444396459,0.694
0.1,0.7,0.5,"spillover",0.0593291957492567,0.716
0.1,0.7,0.95,"spillover",0.0631563000864847,0.678
0.1,0.75,0.2,"spillover",0.0510414710329834,0.73
0.1,0.75,0.5,"spillover",0.0460071963703523,0.704
0.1,0.75,0.95,"spillover",0.0436426160415304,0.73
0.1,0.8,0.2,"spillover",0.0424345859014385,0.77
0.1,0.8,0.5,"spillover",0.0411065829745639,0.778
0.1,0.8,0.95,"spillover",0.0398070348762606,0.808
0.1,0.85,0.2,"spillover",0.0251738059538388,0.836
0.1,0.85,0.5,"spillover",0.0311431831269479,0.83
0.1,0.85,0.95,"spillover",0.029090507043753,0.862
0.1,0.9,0.2,"spillover",0.020371539086141,0.892
0.1,0.9,0.5,"spillover",0.0206115166183013,0.9
0.1,0.9,0.95,"spillover",0.019174367288189,0.904
0.1,0.95,0.2,"spillover",0.00677327955843152,0.962
0.1,0.95,0.5,"spillover",0.00677658567076264,0.952
0.1,0.95,0.95,"spillover",0.0100583772235492,0.94
0.1,1,0.2,"spillover",0,1
0.1,1,0.5,"spillover",0,1
0.1,1,0.95,"spillover",0,1
0.15,0,0.2,"spillover",0.176614799508513,0.28
0.15,0,0.5,"spillover",0.172452660186737,0.266
0.15,0,0.95,"spillover",0.179804002103529,0.286
0.15,0.05,0.2,"spillover",0.16554984688298,0.298
0.15,0.05,0.5,"spillover",0.159431787783885,0.33
0.15,0.05,0.95,"spillover",0.176935970351799,0.314
0.15,0.1,0.2,"spillover",0.153572618801905,0.318
0.15,0.1,0.5,"spillover",0.152647344299931,0.314
0.15,0.1,0.95,"spillover",0.15670031822902,0.376
0.15,0.15,0.2,"spillover",0.156962714973547,0.344
0.15,0.15,0.5,"spillover",0.14861546505531,0.358
0.15,0.15,0.95,"spillover",0.15513762280494,0.338
0.15,0.2,0.2,"spillover",0.155541542759253,0.374
0.15,0.2,0.5,"spillover",0.131402099293051,0.356
0.15,0.2,0.95,"spillover",0.139588600686023,0.368
0.15,0.25,0.2,"spillover",0.143678557284475,0.408
0.15,0.25,0.5,"spillover",0.140899651415936,0.382
0.15,0.25,0.95,"spillover",0.124996581096256,0.424
0.15,0.3,0.2,"spillover",0.124447404564696,0.442
0.15,0.3,0.5,"spillover",0.129043726199668,0.396
0.15,0.3,0.95,"spillover",0.13243341423585,0.418
0.15,0.35,0.2,"spillover",0.112702079993467,0.452
0.15,0.35,0.5,"spillover",0.120434319921619,0.47
0.15,0.35,0.95,"spillover",0.127002362492933,0.454
0.15,0.4,0.2,"spillover",0.112040963072843,0.524
0.15,0.4,0.5,"spillover",0.101989488927626,0.468
0.15,0.4,0.95,"spillover",0.10281345095882,0.504
0.15,0.45,0.2,"spillover",0.099988374136364,0.478
0.15,0.45,0.5,"spillover",0.106810264510558,0.49
0.15,0.45,0.95,"spillover",0.098429282824608,0.464
0.15,0.5,0.2,"spillover",0.102117615338985,0.56
0.15,0.5,0.5,"spillover",0.0954669822204623,0.534
0.15,0.5,0.95,"spillover",0.109705643294137,0.504
0.15,0.55,0.2,"spillover",0.0932200092136588,0.53
0.15,0.55,0.5,"spillover",0.0851356845831815,0.602
0.15,0.55,0.95,"spillover",0.0895838765327961,0.56
0.15,0.6,0.2,"spillover",0.0693452261201432,0.612
0.15,0.6,0.5,"spillover",0.0814482440076708,0.582
0.15,0.6,0.95,"spillover",0.0756253788828427,0.616
0.15,0.65,0.2,"spillover",0.0672059462437489,0.67
0.15,0.65,0.5,"spillover",0.060251841439785,0.64
0.15,0.65,0.95,"spillover",0.0759466374699201,0.662
0.15,0.7,0.2,"spillover",0.0621151301184685,0.7
0.15,0.7,0.5,"spillover",0.0628536145574712,0.7
0.15,0.7,0.95,"spillover",0.0652732316557358,0.748
0.15,0.75,0.2,"spillover",0.051285729097215,0.752
0.15,0.75,0.5,"spillover",0.0515255385574206,0.722
0.15,0.75,0.95,"spillover",0.0470956963399074,0.742
0.15,0.8,0.2,"spillover",0.0364034641736043,0.81
0.15,0.8,0.5,"spillover",0.0400560426767592,0.802
0.15,0.8,0.95,"spillover",0.0312136500062927,0.782
0.15,0.85,0.2,"spillover",0.0229036371793408,0.846
0.15,0.85,0.5,"spillover",0.030680675362814,0.814
0.15,0.85,0.95,"spillover",0.0330705847416317,0.824
0.15,0.9,0.2,"spillover",0.0200198133274579,0.896
0.15,0.9,0.5,"spillover",0.0146595980562678,0.9
0.15,0.9,0.95,"spillover",0.0184665209768974,0.892
0.15,0.95,0.2,"spillover",0.00765811035808298,0.964
0.15,0.95,0.5,"spillover",0.00882970746466945,0.96
0.15,0.95,0.95,"spillover",0.00754780135399683,0.94
0.15,1,0.2,"spillover",0,1
0.15,1,0.5,"spillover",0,1
0.15,1,0.95,"spillover",0,1
0.2,0,0.2,"spillover",0.179564185628932,0.272
0.2,0,0.5,"spillover",0.162740416930526,0.312
0.2,0,0.95,"spillover",0.184829370617048,0.252
0.2,0.05,0.2,"spillover",0.155047648439273,0.31
0.2,0.05,0.5,"spillover",0.180424887215741,0.322
0.2,0.05,0.95,"spillover",0.157495564705885,0.29
0.2,0.1,0.2,"spillover",0.16011903689495,0.358
0.2,0.1,0.5,"spillover",0.156300237199372,0.356
0.2,0.1,0.95,"spillover",0.161413673613308,0.318
0.2,0.15,0.2,"spillover",0.1494961369564,0.346
0.2,0.15,0.5,"spillover",0.15340255604184,0.364
0.2,0.15,0.95,"spillover",0.148676166165106,0.332
0.2,0.2,0.2,"spillover",0.151168978012893,0.404
0.2,0.2,0.5,"spillover",0.14679390390638,0.382
0.2,0.2,0.95,"spillover",0.149393020182147,0.378
0.2,0.25,0.2,"spillover",0.138496784645058,0.36
0.2,0.25,0.5,"spillover",0.148795644578459,0.376
0.2,0.25,0.95,"spillover",0.124780030768583,0.41
0.2,0.3,0.2,"spillover",0.127208806615214,0.452
0.2,0.3,0.5,"spillover",0.139858682393982,0.388
0.2,0.3,0.95,"spillover",0.130242763410224,0.416
0.2,0.35,0.2,"spillover",0.12142291794397,0.454
0.2,0.35,0.5,"spillover",0.123206258836274,0.464
0.2,0.35,0.95,"spillover",0.131493184454541,0.404
0.2,0.4,0.2,"spillover",0.104626068104611,0.448
0.2,0.4,0.5,"spillover",0.104621074804214,0.462
0.2,0.4,0.95,"spillover",0.101300299199564,0.474
0.2,0.45,0.2,"spillover",0.0987295840970257,0.48
0.2,0.45,0.5,"spillover",0.100609146990611,0.482
0.2,0.45,0.95,"spillover",0.108164413301741,0.524
0.2,0.5,0.2,"spillover",0.0913589272490598,0.546
0.2,0.5,0.5,"spillover",0.0890417190399723,0.544
0.2,0.5,0.95,"spillover",0.0993317529227311,0.53
0.2,0.55,0.2,"spillover",0.0914014002751169,0.608
0.2,0.55,0.5,"spillover",0.0857965464786849,0.598
0.2,0.55,0.95,"spillover",0.0813085103094869,0.576
0.2,0.6,0.2,"spillover",0.0795953027363388,0.622
0.2,0.6,0.5,"spillover",0.0718852887452325,0.628
0.2,0.6,0.95,"spillover",0.070094233990837,0.618
0.2,0.65,0.2,"spillover",0.0661423858896569,0.67
0.2,0.65,0.5,"spillover",0.0625098337960673,0.646
0.2,0.65,0.95,"spillover",0.0750171417694858,0.652
0.2,0.7,0.2,"spillover",0.0578402276948314,0.736
0.2,0.7,0.5,"spillover",0.0600037267932828,0.666
0.2,0.7,0.95,"spillover",0.0551346015570219,0.714
0.2,0.75,0.2,"spillover",0.0472588869173693,0.762
0.2,0.75,0.5,"spillover",0.0523750621388876,0.748
0.2,0.75,0.95,"spillover",0.0429501037258861,0.728
0.2,0.8,0.2,"spillover",0.0387481142006901,0.81
0.2,0.8,0.5,"spillover",0.0404854652358079,0.734
0.2,0.8,0.95,"spillover",0.038687049635507,0.784
0.2,0.85,0.2,"spillover",0.0299345900775144,0.852
0.2,0.85,0.5,"spillover",0.0238452584891231,0.842
0.2,0.85,0.95,"spillover",0.0270865696798419,0.834
0.2,0.9,0.2,"spillover",0.0197444569638261,0.872
0.2,0.9,0.5,"spillover",0.0220243489306497,0.898
0.2,0.9,0.95,"spillover",0.0152837489976801,0.91
0.2,0.95,0.2,"spillover",0.0118530235905699,0.926
0.2,0.95,0.5,"spillover",0.0118421871244261,0.958
0.2,0.95,0.95,"spillover",0.010463242506247,0.956
0.2,1,0.2,"spillover",0,1
0.2,1,0.5,"spillover",0,1
0.2,1,0.95,"spillover",0,1
0.25,0,0.2,"spillover",0.180409449641575,0.344
0.25,0,0.5,"spillover",0.174553329659636,0.284
0.25,0,0.95,"spillover",0.186146788558717,0.28
0.25,0.05,0.2,"spillover",0.169283674331393,0.294
0.25,0.05,0.5,"spillover",0.171837946999998,0.298
0.25,0.05,0.95,"spillover",0.170838035140818,0.328
0.25,0.1,0.2,"spillover",0.154613050174269,0.34
0.25,0.1,0.5,"spillover",0.153933111443485,0.32
0.25,0.1,0.95,"spillover",0.170134309969914,0.322
0.25,0.15,0.2,"spillover",0.149788614759621,0.374
0.25,0.15,0.5,"spillover",0.163131176169755,0.368
0.25,0.15,0.95,"spillover",0.156932577845189,0.35
0.25,0.2,0.2,"spillover",0.153306597781452,0.404
0.25,0.2,0.5,"spillover",0.146609759912855,0.352
0.25,0.2,0.95,"spillover",0.145746629321676,0.404
0.25,0.25,0.2,"spillover",0.136062406185439,0.396
0.25,0.25,0.5,"spillover",0.134645603338812,0.374
0.25,0.25,0.95,"spillover",0.141308907698812,0.388
0.25,0.3,0.2,"spillover",0.125279878458218,0.428
0.25,0.3,0.5,"spillover",0.132411822467368,0.406
0.25,0.3,0.95,"spillover",0.12012378458929,0.436
0.25,0.35,0.2,"spillover",0.121850134123309,0.426
0.25,0.35,0.5,"spillover",0.121599487595554,0.462
0.25,0.35,0.95,"spillover",0.11154697825592,0.4
0.25,0.4,0.2,"spillover",0.120437196345085,0.474
0.25,0.4,0.5,"spillover",0.0955065099505298,0.474
0.25,0.4,0.95,"spillover",0.115491194832036,0.5
0.25,0.45,0.2,"spillover",0.106474064224368,0.514
0.25,0.45,0.5,"spillover",0.10712650580967,0.512
0.25,0.45,0.95,"spillover",0.0931509449900598,0.512
0.25,0.5,0.2,"spillover",0.0954547620457315,0.502
0.25,0.5,0.5,"spillover",0.0969981689390011,0.556
0.25,0.5,0.95,"spillover",0.0896612102753907,0.534
0.25,0.55,0.2,"spillover",0.0864233965405194,0.592
0.25,0.55,0.5,"spillover",0.0830987941712941,0.568
0.25,0.55,0.95,"spillover",0.0772896257877051,0.61
0.25,0.6,0.2,"spillover",0.0849880371677386,0.616
0.25,0.6,0.5,"spillover",0.0778134608883593,0.58
0.25,0.6,0.95,"spillover",0.0740096995975504,0.614
0.25,0.65,0.2,"spillover",0.068883918744425,0.682
0.25,0.65,0.5,"spillover",0.0797175967541725,0.64
0.25,0.65,0.95,"spillover",0.0641814105601376,0.616
0.25,0.7,0.2,"spillover",0.0651147932472966,0.686
0.25,0.7,0.5,"spillover",0.0520763419904883,0.71
0.25,0.7,0.95,"spillover",0.0541980868951764,0.676
0.25,0.75,0.2,"spillover",0.0482495792287308,0.724
0.25,0.75,0.5,"spillover",0.0463834142363703,0.758
0.25,0.75,0.95,"spillover",0.056220413021228,0.748
0.25,0.8,0.2,"spillover",0.0435818680347116,0.816
0.25,0.8,0.5,"spillover",0.0371677363324031,0.778
0.25,0.8,0.95,"spillover",0.0397779210722413,0.802
0.25,0.85,0.2,"spillover",0.0273911731176121,0.85
0.25,0.85,0.5,"spillover",0.0268895035668939,0.872
0.25,0.85,0.95,"spillover",0.02983203194473,0.82
0.25,0.9,0.2,"spillover",0.021308571101615,0.916
0.25,0.9,0.5,"spillover",0.0220130808192357,0.904
0.25,0.9,0.95,"spillover",0.0167159765468073,0.882
0.25,0.95,0.2,"spillover",0.00773801316982636,0.946
0.25,0.95,0.5,"spillover",0.0127921464552351,0.946
0.25,0.95,0.95,"spillover",0.0106561394534611,0.954
0.25,1,0.2,"spillover",0,1
0.25,1,0.5,"spillover",0,1
0.25,1,0.95,"spillover",0,1
0.3,0,0.2,"spillover",0.181133885513659,0.274
0.3,0,0.5,"spillover",0.177790381427731,0.278
0.3,0,0.95,"spillover",0.185476769871835,0.284
0.3,0.05,0.2,"spillover",0.173430012173128,0.316
0.3,0.05,0.5,"spillover",0.166772591037773,0.276
0.3,0.05,0.95,"spillover",0.170477381234382,0.314
0.3,0.1,0.2,"spillover",0.154719695869252,0.368
0.3,0.1,0.5,"spillover",0.15539533847494,0.358
0.3,0.1,0.95,"spillover",0.160301191556434,0.326
0.3,0.15,0.2,"spillover",0.149865078518513,0.344
0.3,0.15,0.5,"spillover",0.157171751668876,0.34
0.3,0.15,0.95,"spillover",0.152694222952159,0.358
0.3,0.2,0.2,"spillover",0.136277672254269,0.344
0.3,0.2,0.5,"spillover",0.151491236668871,0.398
0.3,0.2,0.95,"spillover",0.13542878703814,0.36
0.3,0.25,0.2,"spillover",0.147985094118424,0.396
0.3,0.25,0.5,"spillover",0.13501101266745,0.37
0.3,0.25,0.95,"spillover",0.128642062426115,0.442
0.3,0.3,0.2,"spillover",0.1201047564009,0.438
0.3,0.3,0.5,"spillover",0.131366236357961,0.42
0.3,0.3,0.95,"spillover",0.131542016831368,0.43
0.3,0.35,0.2,"spillover",0.118507024726912,0.454
0.3,0.35,0.5,"spillover",0.129978544129405,0.484
0.3,0.35,0.95,"spillover",0.116167672012405,0.434
0.3,0.4,0.2,"spillover",0.101890351811308,0.5
0.3,0.4,0.5,"spillover",0.118128347298112,0.498
0.3,0.4,0.95,"spillover",0.111947622915767,0.468
0.3,0.45,0.2,"spillover",0.107109975770116,0.54
0.3,0.45,0.5,"spillover",0.112954258399242,0.518
0.3,0.45,0.95,"spillover",0.0937863390900948,0.492
0.3,0.5,0.2,"spillover",0.0898053345564143,0.528
0.3,0.5,0.5,"spillover",0.0950352379557483,0.552
0.3,0.5,0.95,"spillover",0.0868000969282244,0.53
0.3,0.55,0.2,"spillover",0.0774408177367643,0.594
0.3,0.55,0.5,"spillover",0.0791291370821992,0.58
0.3,0.55,0.95,"spillover",0.0819010383716742,0.546
0.3,0.6,0.2,"spillover",0.0759682348667133,0.632
0.3,0.6,0.5,"spillover",0.0713970012912502,0.59
0.3,0.6,0.95,"spillover",0.0705769038822375,0.578
0.3,0.65,0.2,"spillover",0.0612054668962478,0.678
0.3,0.65,0.5,"spillover",0.0601580160916277,0.644
0.3,0.65,0.95,"spillover",0.0652912370745224,0.646
0.3,0.7,0.2,"spillover",0.0540151110462808,0.688
0.3,0.7,0.5,"spillover",0.0605061861313754,0.652
0.3,0.7,0.95,"spillover",0.0718304395574257,0.7
0.3,0.75,0.2,"spillover",0.0519554894958089,0.734
0.3,0.75,0.5,"spillover",0.0461711556364026,0.776
0.3,0.75,0.95,"spillover",0.0593515391001162,0.718
0.3,0.8,0.2,"spillover",0.0383374420651549,0.792
0.3,0.8,0.5,"spillover",0.0335792713722138,0.782
0.3,0.8,0.95,"spillover",0.0336878598895495,0.79
0.3,0.85,0.2,"spillover",0.0294774879330006,0.82
0.3,0.85,0.5,"spillover",0.0259076775571551,0.82
0.3,0.85,0.95,"spillover",0.03458798371644,0.838
0.3,0.9,0.2,"spillover",0.0216787540403315,0.874
0.3,0.9,0.5,"spillover",0.0185406559596623,0.888
0.3,0.9,0.95,"spillover",0.0198859372875721,0.894
0.3,0.95,0.2,"spillover",0.00748447640316976,0.952
0.3,0.95,0.5,"spillover",0.0110690112605979,0.942
0.3,0.95,0.95,"spillover",0.00864949644073399,0.96
0.3,1,0.2,"spillover",0,1
0.3,1,0.5,"spillover",0,1
0.3,1,0.95,"spillover",0,1
0.35,0,0.2,"spillover",0.172087552360499,0.308
0.35,0,0.5,"spillover",0.170870438164451,0.3
0.35,0,0.95,"spillover",0.1715431849547,0.268
0.35,0.05,0.2,"spillover",0.167288234846303,0.31
0.35,0.05,0.5,"spillover",0.152980791260219,0.314
0.35,0.05,0.95,"spillover",0.154907043565172,0.32
0.35,0.1,0.2,"spillover",0.150219721976906,0.346
0.35,0.1,0.5,"spillover",0.16044797905264,0.332
0.35,0.1,0.95,"spillover",0.154733291786208,0.314
0.35,0.15,0.2,"spillover",0.160452910317956,0.3
0.35,0.15,0.5,"spillover",0.152634316834177,0.376
0.35,0.15,0.95,"spillover",0.152596792062107,0.346
0.35,0.2,0.2,"spillover",0.144064767911837,0.39
0.35,0.2,0.5,"spillover",0.140462865855559,0.388
0.35,0.2,0.95,"spillover",0.14817647864033,0.38
0.35,0.25,0.2,"spillover",0.134687170770419,0.378
0.35,0.25,0.5,"spillover",0.136894732015967,0.364
0.35,0.25,0.95,"spillover",0.146115918674503,0.4
0.35,0.3,0.2,"spillover",0.120514222597271,0.4
0.35,0.3,0.5,"spillover",0.120580147328366,0.398
0.35,0.3,0.95,"spillover",0.121561730976978,0.454
0.35,0.35,0.2,"spillover",0.114344909533829,0.452
0.35,0.35,0.5,"spillover",0.117780102482677,0.478
0.35,0.35,0.95,"spillover",0.130451618876989,0.466
0.35,0.4,0.2,"spillover",0.109350663634757,0.444
0.35,0.4,0.5,"spillover",0.10554632181008,0.466
0.35,0.4,0.95,"spillover",0.113522524296732,0.454
0.35,0.45,0.2,"spillover",0.101652215104145,0.49
0.35,0.45,0.5,"spillover",0.114716289945548,0.53
0.35,0.45,0.95,"spillover",0.0959033785745626,0.558
0.35,0.5,0.2,"spillover",0.0890333375070141,0.558
0.35,0.5,0.5,"spillover",0.0922191861865199,0.524
0.35,0.5,0.95,"spillover",0.0950027933371994,0.498
0.35,0.55,0.2,"spillover",0.0799060526242036,0.534
0.35,0.55,0.5,"spillover",0.0819048292771524,0.596
0.35,0.55,0.95,"spillover",0.0824441709217886,0.584
0.35,0.6,0.2,"spillover",0.0676045442547861,0.6
0.35,0.6,0.5,"spillover",0.0867429610477886,0.582
0.35,0.6,0.95,"spillover",0.0788293636197898,0.616
0.35,0.65,0.2,"spillover",0.0699774162516822,0.66
0.35,0.65,0.5,"spillover",0.0582723810763011,0.662
0.35,0.65,0.95,"spillover",0.0637275743316012,0.676
0.35,0.7,0.2,"spillover",0.0609151406918943,0.688
0.35,0.7,0.5,"spillover",0.0568134891800941,0.712
0.35,0.7,0.95,"spillover",0.0531891980464864,0.728
0.35,0.75,0.2,"spillover",0.0474019610221786,0.744
0.35,0.75,0.5,"spillover",0.0532684818568371,0.708
0.35,0.75,0.95,"spillover",0.0493749077363983,0.744
0.35,0.8,0.2,"spillover",0.0400144978272357,0.812
0.35,0.8,0.5,"spillover",0.0375726889073105,0.77
0.35,0.8,0.95,"spillover",0.044272798596214,0.816
0.35,0.85,0.2,"spillover",0.0278690875105872,0.826
0.35,0.85,0.5,"spillover",0.0304661674007564,0.844
0.35,0.85,0.95,"spillover",0.0338184595968838,0.82
0.35,0.9,0.2,"spillover",0.0166999083775507,0.894
0.35,0.9,0.5,"spillover",0.0177149288926564,0.89
0.35,0.9,0.95,"spillover",0.0204037219245848,0.89
0.35,0.95,0.2,"spillover",0.00765203441049904,0.956
0.35,0.95,0.5,"spillover",0.0135415569087479,0.924
0.35,0.95,0.95,"spillover",0.0120683971981436,0.944
0.35,1,0.2,"spillover",0,1
0.35,1,0.5,"spillover",0,1
0.35,1,0.95,"spillover",0,1
0.4,0,0.2,"spillover",0.182464711075196,0.286
0.4,0,0.5,"spillover",0.185106845450648,0.282
0.4,0,0.95,"spillover",0.163734911786802,0.322
0.4,0.05,0.2,"spillover",0.165825332819689,0.302
0.4,0.05,0.5,"spillover",0.167039903904874,0.3
0.4,0.05,0.95,"spillover",0.162313588682939,0.292
0.4,0.1,0.2,"spillover",0.157140628216362,0.34
0.4,0.1,0.5,"spillover",0.157148863974237,0.318
0.4,0.1,0.95,"spillover",0.170157276461448,0.286
0.4,0.15,0.2,"spillover",0.153911468270886,0.364
0.4,0.15,0.5,"spillover",0.162277089193516,0.338
0.4,0.15,0.95,"spillover",0.142537029367762,0.352
0.4,0.2,0.2,"spillover",0.138429916698041,0.374
0.4,0.2,0.5,"spillover",0.150988139844204,0.374
0.4,0.2,0.95,"spillover",0.158084152384967,0.372
0.4,0.25,0.2,"spillover",0.129273315403159,0.406
0.4,0.25,0.5,"spillover",0.128402844938528,0.378
0.4,0.25,0.95,"spillover",0.135361658848676,0.39
0.4,0.3,0.2,"spillover",0.129371203035081,0.478
0.4,0.3,0.5,"spillover",0.12679473958789,0.434
0.4,0.3,0.95,"spillover",0.130264758987456,0.434
0.4,0.35,0.2,"spillover",0.116193857123592,0.446
0.4,0.35,0.5,"spillover",0.122111175060978,0.46
0.4,0.35,0.95,"spillover",0.116406508192891,0.416
0.4,0.4,0.2,"spillover",0.109180620531002,0.492
0.4,0.4,0.5,"spillover",0.113302536691913,0.456
0.4,0.4,0.95,"spillover",0.109439954792898,0.498
0.4,0.45,0.2,"spillover",0.116959748965712,0.474
0.4,0.45,0.5,"spillover",0.103640396295468,0.518
0.4,0.45,0.95,"spillover",0.110299826687029,0.496
0.4,0.5,0.2,"spillover",0.0880694771765928,0.532
0.4,0.5,0.5,"spillover",0.0905808650119917,0.552
0.4,0.5,0.95,"spillover",0.0992042324860074,0.514
0.4,0.55,0.2,"spillover",0.0721174770726092,0.606
0.4,0.55,0.5,"spillover",0.0852389853464096,0.546
0.4,0.55,0.95,"spillover",0.0802059651152085,0.566
0.4,0.6,0.2,"spillover",0.0709690291654917,0.618
0.4,0.6,0.5,"spillover",0.0801256536951508,0.602
0.4,0.6,0.95,"spillover",0.0789082417906217,0.622
0.4,0.65,0.2,"spillover",0.0638268097580662,0.614
0.4,0.65,0.5,"spillover",0.0646688254832919,0.658
0.4,0.65,0.95,"spillover",0.066470187029592,0.668
0.4,0.7,0.2,"spillover",0.0503307069507962,0.71
0.4,0.7,0.5,"spillover",0.0621102535889207,0.696
0.4,0.7,0.95,"spillover",0.0644634273331576,0.698
0.4,0.75,0.2,"spillover",0.043612752264532,0.714
0.4,0.75,0.5,"spillover",0.0493973944623064,0.748
0.4,0.75,0.95,"spillover",0.0455690641880044,0.742
0.4,0.8,0.2,"spillover",0.0376709508533835,0.794
0.4,0.8,0.5,"spillover",0.0397048058818961,0.79
0.4,0.8,0.95,"spillover",0.03829151178995,0.81
0.4,0.85,0.2,"spillover",0.0323759034001197,0.84
0.4,0.85,0.5,"spillover",0.0250475183810736,0.82
0.4,0.85,0.95,"spillover",0.0239815535203104,0.844
0.4,0.9,0.2,"spillover",0.0203115414200813,0.886
0.4,0.9,0.5,"spillover",0.0158017304188164,0.904
0.4,0.9,0.95,"spillover",0.0197589371764879,0.876
0.4,0.95,0.2,"spillover",0.00953787468065822,0.95
0.4,0.95,0.5,"spillover",0.0144783104342463,0.944
0.4,0.95,0.95,"spillover",0.0112545593078587,0.932
0.4,1,0.2,"spillover",0,1
0.4,1,0.5,"spillover",0,1
0.4,1,0.95,"spillover",0,1
0.45,0,0.2,"spillover",0.182119460498388,0.284
0.45,0,0.5,"spillover",0.173892692270082,0.298
0.45,0,0.95,"spillover",0.180318023381553,0.3
0.45,0.05,0.2,"spillover",0.175622821793654,0.324
0.45,0.05,0.5,"spillover",0.167387839731909,0.294
0.45,0.05,0.95,"spillover",0.167874713411984,0.326
0.45,0.1,0.2,"spillover",0.144725119993324,0.342
0.45,0.1,0.5,"spillover",0.157505287988744,0.36
0.45,0.1,0.95,"spillover",0.154258560617781,0.306
0.45,0.15,0.2,"spillover",0.165414192576958,0.35
0.45,0.15,0.5,"spillover",0.161329320611254,0.342
0.45,0.15,0.95,"spillover",0.154821263986214,0.382
0.45,0.2,0.2,"spillover",0.144324654085,0.396
0.45,0.2,0.5,"spillover",0.141172882788346,0.364
0.45,0.2,0.95,"spillover",0.132774217729046,0.384
0.45,0.25,0.2,"spillover",0.143931646778593,0.408
0.45,0.25,0.5,"spillover",0.137057259833172,0.398
0.45,0.25,0.95,"spillover",0.135501192597243,0.418
0.45,0.3,0.2,"spillover",0.126954710841592,0.422
0.45,0.3,0.5,"spillover",0.124917720132185,0.408
0.45,0.3,0.95,"spillover",0.126914954879065,0.422
0.45,0.35,0.2,"spillover",0.113353363663678,0.468
0.45,0.35,0.5,"spillover",0.114552058760473,0.458
0.45,0.35,0.95,"spillover",0.117837409959942,0.456
0.45,0.4,0.2,"spillover",0.102749278640165,0.478
0.45,0.4,0.5,"spillover",0.100196782947908,0.496
0.45,0.4,0.95,"spillover",0.11162775414344,0.464
0.45,0.45,0.2,"spillover",0.0979715529206169,0.514
0.45,0.45,0.5,"spillover",0.105746316247679,0.528
0.45,0.45,0.95,"spillover",0.103254591879039,0.474
0.45,0.5,0.2,"spillover",0.0878957921872148,0.512
0.45,0.5,0.5,"spillover",0.0999369860741801,0.534
0.45,0.5,0.95,"spillover",0.0792814879832083,0.546
0.45,0.55,0.2,"spillover",0.0873251699699761,0.59
0.45,0.55,0.5,"spillover",0.0869208378133427,0.55
0.45,0.55,0.95,"spillover",0.0799346295680068,0.56
0.45,0.6,0.2,"spillover",0.0753432564446725,0.652
0.45,0.6,0.5,"spillover",0.0794608452535789,0.61
0.45,0.6,0.95,"spillover",0.0818706017061436,0.612
0.45,0.65,0.2,"spillover",0.0613986529652999,0.65
0.45,0.65,0.5,"spillover",0.0671702608683565,0.658
0.45,0.65,0.95,"spillover",0.0653718409584053,0.646
0.45,0.7,0.2,"spillover",0.0625833640227064,0.664
0.45,0.7,0.5,"spillover",0.063776954403911,0.694
0.45,0.7,0.95,"spillover",0.0645839910264197,0.688
0.45,0.75,0.2,"spillover",0.0506157266863119,0.736
0.45,0.75,0.5,"spillover",0.0447846108250345,0.78
0.45,0.75,0.95,"spillover",0.0501495793656919,0.736
0.45,0.8,0.2,"spillover",0.0469139449588972,0.786
0.45,0.8,0.5,"spillover",0.0375975000220906,0.832
0.45,0.8,0.95,"spillover",0.0422856029681638,0.778
0.45,0.85,0.2,"spillover",0.0261515601869452,0.802
0.45,0.85,0.5,"spillover",0.0288191252041786,0.872
0.45,0.85,0.95,"spillover",0.0243178384787652,0.854
0.45,0.9,0.2,"spillover",0.0165568212478502,0.912
0.45,0.9,0.5,"spillover",0.0220317179453988,0.898
0.45,0.9,0.95,"spillover",0.0158699350775683,0.906
0.45,0.95,0.2,"spillover",0.00925905892748856,0.94
0.45,0.95,0.5,"spillover",0.0104537358146993,0.938
0.45,0.95,0.95,"spillover",0.0113244947167291,0.952
0.45,1,0.2,"spillover",0,1
0.45,1,0.5,"spillover",0,1
0.45,1,0.95,"spillover",0,1
0.5,0,0.2,"spillover",0.176489315066967,0.298
0.5,0,0.5,"spillover",0.17926346209822,0.312
0.5,0,0.95,"spillover",0.184952953596137,0.306
0.5,0.05,0.2,"spillover",0.166995975809456,0.296
0.5,0.05,0.5,"spillover",0.169377570490841,0.286
0.5,0.05,0.95,"spillover",0.174839007314219,0.318
0.5,0.1,0.2,"spillover",0.158853598639504,0.318
0.5,0.1,0.5,"spillover",0.17215214590884,0.332
0.5,0.1,0.95,"spillover",0.163133933666574,0.338
0.5,0.15,0.2,"spillover",0.160657503620893,0.312
0.5,0.15,0.5,"spillover",0.154415555864637,0.368
0.5,0.15,0.95,"spillover",0.140272243054002,0.364
0.5,0.2,0.2,"spillover",0.142727412211531,0.374
0.5,0.2,0.5,"spillover",0.152779326849142,0.36
0.5,0.2,0.95,"spillover",0.146368191824706,0.368
0.5,0.25,0.2,"spillover",0.135696703119704,0.426
0.5,0.25,0.5,"spillover",0.138399031638791,0.374
0.5,0.25,0.95,"spillover",0.142702133607108,0.414
0.5,0.3,0.2,"spillover",0.124650360377763,0.47
0.5,0.3,0.5,"spillover",0.129836061708887,0.408
0.5,0.3,0.95,"spillover",0.139242385978891,0.396
0.5,0.35,0.2,"spillover",0.118936116436473,0.478
0.5,0.35,0.5,"spillover",0.110489655429101,0.476
0.5,0.35,0.95,"spillover",0.111251202154202,0.434
0.5,0.4,0.2,"spillover",0.116435120067057,0.464
0.5,0.4,0.5,"spillover",0.1054376518175,0.466
0.5,0.4,0.95,"spillover",0.110555501685347,0.456
0.5,0.45,0.2,"spillover",0.111463624851898,0.506
0.5,0.45,0.5,"spillover",0.0906846540788159,0.518
0.5,0.45,0.95,"spillover",0.103809423915901,0.536
0.5,0.5,0.2,"spillover",0.0888775272797045,0.534
0.5,0.5,0.5,"spillover",0.084931909305119,0.544
0.5,0.5,0.95,"spillover",0.107421507841334,0.53
0.5,0.55,0.2,"spillover",0.0792408827062349,0.6
0.5,0.55,0.5,"spillover",0.0877540938184966,0.562
0.5,0.55,0.95,"spillover",0.0755494938755894,0.57
0.5,0.6,0.2,"spillover",0.0860737010585126,0.638
0.5,0.6,0.5,"spillover",0.0671340045122489,0.6
0.5,0.6,0.95,"spillover",0.0735915647953671,0.636
0.5,0.65,0.2,"spillover",0.0599583015770707,0.634
0.5,0.65,0.5,"spillover",0.0579922058517692,0.664
0.5,0.65,0.95,"spillover",0.058105903581352,0.678
0.5,0.7,0.2,"spillover",0.0662009704943042,0.694
0.5,0.7,0.5,"spillover",0.052890252161494,0.682
0.5,0.7,0.95,"spillover",0.0634431214559505,0.68
0.5,0.75,0.2,"spillover",0.0474981155625685,0.734
0.5,0.75,0.5,"spillover",0.0468562189625179,0.732
0.5,0.75,0.95,"spillover",0.0514751353187242,0.734
0.5,0.8,0.2,"spillover",0.0478573762313957,0.788
0.5,0.8,0.5,"spillover",0.0369990224366615,0.824
0.5,0.8,0.95,"spillover",0.0427545113396775,0.762
0.5,0.85,0.2,"spillover",0.0314988506126379,0.804
0.5,0.85,0.5,"spillover",0.0323733795437462,0.844
0.5,0.85,0.95,"spillover",0.0312507246307159,0.832
0.5,0.9,0.2,"spillover",0.0232224665924532,0.894
0.5,0.9,0.5,"spillover",0.0180464556244771,0.908
0.5,0.9,0.95,"spillover",0.0160228454344676,0.9
0.5,0.95,0.2,"spillover",0.0131831262132471,0.946
0.5,0.95,0.5,"spillover",0.00647875269064256,0.952
0.5,0.95,0.95,"spillover",0.00787551943258606,0.948
0.5,1,0.2,"spillover",0,1
0.5,1,0.5,"spillover",0,1
0.5,1,0.95,"spillover",0,1
0.55,0,0.2,"spillover",0.175191326167966,0.29
0.55,0,0.5,"spillover",0.168171025858297,0.282
0.55,0,0.95,"spillover",0.170192895965619,0.336
0.55,0.05,0.2,"spillover",0.173577666655932,0.306
0.55,0.05,0.5,"spillover",0.162948805438038,0.314
0.55,0.05,0.95,"spillover",0.171542767877274,0.28
0.55,0.1,0.2,"spillover",0.155342447181371,0.34
0.55,0.1,0.5,"spillover",0.140449619296504,0.36
0.55,0.1,0.95,"spillover",0.150925637137333,0.338
0.55,0.15,0.2,"spillover",0.159254588641602,0.322
0.55,0.15,0.5,"spillover",0.145302975382485,0.364
0.55,0.15,0.95,"spillover",0.14887234479383,0.342
0.55,0.2,0.2,"spillover",0.14054710274332,0.354
0.55,0.2,0.5,"spillover",0.148267435437108,0.368
0.55,0.2,0.95,"spillover",0.146315732924172,0.36
0.55,0.25,0.2,"spillover",0.143946690409471,0.346
0.55,0.25,0.5,"spillover",0.13580098620703,0.394
0.55,0.25,0.95,"spillover",0.126553575182346,0.396
0.55,0.3,0.2,"spillover",0.124018090585022,0.448
0.55,0.3,0.5,"spillover",0.132745508649098,0.396
0.55,0.3,0.95,"spillover",0.133928812980459,0.402
0.55,0.35,0.2,"spillover",0.126658873683819,0.436
0.55,0.35,0.5,"spillover",0.11755739497388,0.426
0.55,0.35,0.95,"spillover",0.123996468623049,0.438
0.55,0.4,0.2,"spillover",0.115444165949521,0.438
0.55,0.4,0.5,"spillover",0.107570403408297,0.488
0.55,0.4,0.95,"spillover",0.113813714960754,0.446
0.55,0.45,0.2,"spillover",0.102415839632599,0.516
0.55,0.45,0.5,"spillover",0.0971050735236167,0.564
0.55,0.45,0.95,"spillover",0.101416328848037,0.506
0.55,0.5,0.2,"spillover",0.0921875055723571,0.558
0.55,0.5,0.5,"spillover",0.0846262919820953,0.594
0.55,0.5,0.95,"spillover",0.0862257934151588,0.516
0.55,0.55,0.2,"spillover",0.0826372734148125,0.586
0.55,0.55,0.5,"spillover",0.0855297888071307,0.596
0.55,0.55,0.95,"spillover",0.0790557210666997,0.572
0.55,0.6,0.2,"spillover",0.0702628146950168,0.644
0.55,0.6,0.5,"spillover",0.0753980270219982,0.596
0.55,0.6,0.95,"spillover",0.0719584712851664,0.586
0.55,0.65,0.2,"spillover",0.0624694992447456,0.668
0.55,0.65,0.5,"spillover",0.062417723631679,0.658
0.55,0.65,0.95,"spillover",0.0706069880020421,0.684
0.55,0.7,0.2,"spillover",0.0582810196371712,0.69
0.55,0.7,0.5,"spillover",0.0570717740417316,0.688
0.55,0.7,0.95,"spillover",0.0634933501915161,0.686
0.55,0.75,0.2,"spillover",0.0459056436877396,0.734
0.55,0.75,0.5,"spillover",0.0377389456220199,0.774
0.55,0.75,0.95,"spillover",0.0514552422075753,0.746
0.55,0.8,0.2,"spillover",0.0338434646852135,0.796
0.55,0.8,0.5,"spillover",0.0419546206690358,0.774
0.55,0.8,0.95,"spillover",0.043428257359094,0.822
0.55,0.85,0.2,"spillover",0.0256999078079595,0.868
0.55,0.85,0.5,"spillover",0.0237569432998232,0.872
0.55,0.85,0.95,"spillover",0.0289797894019897,0.86
0.55,0.9,0.2,"spillover",0.0170038027768457,0.906
0.55,0.9,0.5,"spillover",0.0197099548972254,0.92
0.55,0.9,0.95,"spillover",0.0165279551358213,0.886
0.55,0.95,0.2,"spillover",0.00986689088820237,0.954
0.55,0.95,0.5,"spillover",0.00866454462258675,0.954
0.55,0.95,0.95,"spillover",0.0103489872629412,0.942
0.55,1,0.2,"spillover",0,1
0.55,1,0.5,"spillover",0,1
0.55,1,0.95,"spillover",0,1
0.6,0,0.2,"spillover",0.179829021624342,0.29
0.6,0,0.5,"spillover",0.181918485123502,0.294
0.6,0,0.95,"spillover",0.172738703858494,0.302
0.6,0.05,0.2,"spillover",0.171417326856573,0.312
0.6,0.05,0.5,"spillover",0.169144999794194,0.292
0.6,0.05,0.95,"spillover",0.161195708519341,0.288
0.6,0.1,0.2,"spillover",0.162390098089759,0.322
0.6,0.1,0.5,"spillover",0.153198820248511,0.366
0.6,0.1,0.95,"spillover",0.162287886165587,0.37
0.6,0.15,0.2,"spillover",0.152542051072015,0.348
0.6,0.15,0.5,"spillover",0.162222141421894,0.358
0.6,0.15,0.95,"spillover",0.145639499927247,0.382
0.6,0.2,0.2,"spillover",0.133952133461776,0.396
0.6,0.2,0.5,"spillover",0.137027018580196,0.402
0.6,0.2,0.95,"spillover",0.14113608718141,0.326
0.6,0.25,0.2,"spillover",0.122734311124906,0.376
0.6,0.25,0.5,"spillover",0.140784571034865,0.388
0.6,0.25,0.95,"spillover",0.139294958645884,0.384
0.6,0.3,0.2,"spillover",0.123694982419449,0.418
0.6,0.3,0.5,"spillover",0.129534849508156,0.398
0.6,0.3,0.95,"spillover",0.130657828554185,0.446
0.6,0.35,0.2,"spillover",0.123304837515226,0.442
0.6,0.35,0.5,"spillover",0.114024818980054,0.456
0.6,0.35,0.95,"spillover",0.131743300202089,0.484
0.6,0.4,0.2,"spillover",0.106152861259971,0.442
0.6,0.4,0.5,"spillover",0.108598975700161,0.484
0.6,0.4,0.95,"spillover",0.11883992655495,0.516
0.6,0.45,0.2,"spillover",0.115216268092818,0.5
0.6,0.45,0.5,"spillover",0.104754040421472,0.476
0.6,0.45,0.95,"spillover",0.0931554674391314,0.512
0.6,0.5,0.2,"spillover",0.0900263467748031,0.566
0.6,0.5,0.5,"spillover",0.097132225878332,0.546
0.6,0.5,0.95,"spillover",0.108766962426746,0.54
0.6,0.55,0.2,"spillover",0.0798624310356648,0.594
0.6,0.55,0.5,"spillover",0.0988199156195804,0.57
0.6,0.55,0.95,"spillover",0.082854439977664,0.564
0.6,0.6,0.2,"spillover",0.0766213170620619,0.596
0.6,0.6,0.5,"spillover",0.0838185985485455,0.626
0.6,0.6,0.95,"spillover",0.0717267731514816,0.61
0.6,0.65,0.2,"spillover",0.0624782624479033,0.656
0.6,0.65,0.5,"spillover",0.069600983965427,0.62
0.6,0.65,0.95,"spillover",0.0615405726546525,0.612
0.6,0.7,0.2,"spillover",0.056967146530203,0.706
0.6,0.7,0.5,"spillover",0.055647526629627,0.694
0.6,0.7,0.95,"spillover",0.0595109778116671,0.7
0.6,0.75,0.2,"spillover",0.0380054718816685,0.756
0.6,0.75,0.5,"spillover",0.0412185317223838,0.766
0.6,0.75,0.95,"spillover",0.0480081716480929,0.758
0.6,0.8,0.2,"spillover",0.0385905004877567,0.798
0.6,0.8,0.5,"spillover",0.0337517311080328,0.772
0.6,0.8,0.95,"spillover",0.0389379770901697,0.786
0.6,0.85,0.2,"spillover",0.0273178294068129,0.87
0.6,0.85,0.5,"spillover",0.0236089472862079,0.846
0.6,0.85,0.95,"spillover",0.0297630812648275,0.836
0.6,0.9,0.2,"spillover",0.0236140624484314,0.882
0.6,0.9,0.5,"spillover",0.0171138589150209,0.902
0.6,0.9,0.95,"spillover",0.0212497527398663,0.896
0.6,0.95,0.2,"spillover",0.00714031284924604,0.954
0.6,0.95,0.5,"spillover",0.0121549215553662,0.966
0.6,0.95,0.95,"spillover",0.00973491942399856,0.95
0.6,1,0.2,"spillover",0,1
0.6,1,0.5,"spillover",0,1
0.6,1,0.95,"spillover",0,1
0.65,0,0.2,"spillover",0.176176729663782,0.34
0.65,0,0.5,"spillover",0.188585602127633,0.282
0.65,0,0.95,"spillover",0.172732214630552,0.288
0.65,0.05,0.2,"spillover",0.172378978893107,0.312
0.65,0.05,0.5,"spillover",0.149927256276928,0.342
0.65,0.05,0.95,"spillover",0.159700945850735,0.306
0.65,0.1,0.2,"spillover",0.160452509606832,0.314
0.65,0.1,0.5,"spillover",0.156279725891532,0.356
0.65,0.1,0.95,"spillover",0.162866304988406,0.316
0.65,0.15,0.2,"spillover",0.136559133177234,0.312
0.65,0.15,0.5,"spillover",0.153968011362566,0.346
0.65,0.15,0.95,"spillover",0.154533459397595,0.352
0.65,0.2,0.2,"spillover",0.138213203663948,0.386
0.65,0.2,0.5,"spillover",0.149496134496121,0.366
0.65,0.2,0.95,"spillover",0.157343863550595,0.39
0.65,0.25,0.2,"spillover",0.126881357903912,0.374
0.65,0.25,0.5,"spillover",0.139859102288053,0.404
0.65,0.25,0.95,"spillover",0.139218513808651,0.39
0.65,0.3,0.2,"spillover",0.144353676665417,0.394
0.65,0.3,0.5,"spillover",0.126875536148834,0.462
0.65,0.3,0.95,"spillover",0.138175504496713,0.464
0.65,0.35,0.2,"spillover",0.128552339981368,0.456
0.65,0.35,0.5,"spillover",0.129253169608728,0.442
0.65,0.35,0.95,"spillover",0.104162484370862,0.472
0.65,0.4,0.2,"spillover",0.107593334129349,0.5
0.65,0.4,0.5,"spillover",0.100878906456074,0.496
0.65,0.4,0.95,"spillover",0.11178224164425,0.452
0.65,0.45,0.2,"spillover",0.102156815253261,0.52
0.65,0.45,0.5,"spillover",0.0933440166247107,0.562
0.65,0.45,0.95,"spillover",0.115573059829915,0.544
0.65,0.5,0.2,"spillover",0.0903427707661184,0.54
0.65,0.5,0.5,"spillover",0.0983517222843473,0.51
0.65,0.5,0.95,"spillover",0.0975425714011574,0.526
0.65,0.55,0.2,"spillover",0.0858037457139686,0.548
0.65,0.55,0.5,"spillover",0.0836700326093074,0.582
0.65,0.55,0.95,"spillover",0.0717510211185619,0.598
0.65,0.6,0.2,"spillover",0.0795591877735101,0.618
0.65,0.6,0.5,"spillover",0.0744131370239276,0.614
0.65,0.6,0.95,"spillover",0.0710615132773952,0.626
0.65,0.65,0.2,"spillover",0.0545801250030938,0.64
0.65,0.65,0.5,"spillover",0.0660396591470086,0.626
0.65,0.65,0.95,"spillover",0.0670406214249488,0.694
0.65,0.7,0.2,"spillover",0.0623127935516685,0.706
0.65,0.7,0.5,"spillover",0.054868724250968,0.69
0.65,0.7,0.95,"spillover",0.0758831018226489,0.668
0.65,0.75,0.2,"spillover",0.0410177488115441,0.742
0.65,0.75,0.5,"spillover",0.0496877815751114,0.734
0.65,0.75,0.95,"spillover",0.0500136817488894,0.748
0.65,0.8,0.2,"spillover",0.0348948272647716,0.786
0.65,0.8,0.5,"spillover",0.0377812139604464,0.796
0.65,0.8,0.95,"spillover",0.0348972033281342,0.794
0.65,0.85,0.2,"spillover",0.0316731645606944,0.822
0.65,0.85,0.5,"spillover",0.0309080507231878,0.84
0.65,0.85,0.95,"spillover",0.0308421595536043,0.846
0.65,0.9,0.2,"spillover",0.0204980337304257,0.878
0.65,0.9,0.5,"spillover",0.0131014245804738,0.904
0.65,0.9,0.95,"spillover",0.0208629830889144,0.894
0.65,0.95,0.2,"spillover",0.0127619885699223,0.952
0.65,0.95,0.5,"spillover",0.00714160124142034,0.946
0.65,0.95,0.95,"spillover",0.0116898920392259,0.944
0.65,1,0.2,"spillover",0,1
0.65,1,0.5,"spillover",0,1
0.65,1,0.95,"spillover",0,1
0.7,0,0.2,"spillover",0.175900296937432,0.292
0.7,0,0.5,"spillover",0.187042262964235,0.308
0.7,0,0.95,"spillover",0.181808541922079,0.32
0.7,0.05,0.2,"spillover",0.167731481419944,0.314
0.7,0.05,0.5,"spillover",0.192560533713617,0.31
0.7,0.05,0.95,"spillover",0.188270415999606,0.322
0.7,0.1,0.2,"spillover",0.142984274469001,0.386
0.7,0.1,0.5,"spillover",0.168824483803086,0.322
0.7,0.1,0.95,"spillover",0.163989695435116,0.366
0.7,0.15,0.2,"spillover",0.152572547857566,0.344
0.7,0.15,0.5,"spillover",0.161314330372833,0.336
0.7,0.15,0.95,"spillover",0.160299299428875,0.344
0.7,0.2,0.2,"spillover",0.138476280116589,0.394
0.7,0.2,0.5,"spillover",0.140949575184668,0.396
0.7,0.2,0.95,"spillover",0.133884233498751,0.384
0.7,0.25,0.2,"spillover",0.143793733529769,0.392
0.7,0.25,0.5,"spillover",0.14403903422935,0.392
0.7,0.25,0.95,"spillover",0.144722628081608,0.362
0.7,0.3,0.2,"spillover",0.13213611318291,0.444
0.7,0.3,0.5,"spillover",0.120977363406736,0.426
0.7,0.3,0.95,"spillover",0.124589218120253,0.414
0.7,0.35,0.2,"spillover",0.115103146407495,0.416
0.7,0.35,0.5,"spillover",0.106170973906782,0.432
0.7,0.35,0.95,"spillover",0.11945604441979,0.462
0.7,0.4,0.2,"spillover",0.106410468003072,0.5
0.7,0.4,0.5,"spillover",0.121142858925717,0.496
0.7,0.4,0.95,"spillover",0.109781624885211,0.486
0.7,0.45,0.2,"spillover",0.104471060188457,0.516
0.7,0.45,0.5,"spillover",0.11039574959508,0.512
0.7,0.45,0.95,"spillover",0.104718364046356,0.546
0.7,0.5,0.2,"spillover",0.102610753132541,0.536
0.7,0.5,0.5,"spillover",0.097178043230452,0.576
0.7,0.5,0.95,"spillover",0.0969439626749042,0.548
0.7,0.55,0.2,"spillover",0.0788296947722958,0.594
0.7,0.55,0.5,"spillover",0.0791656870732164,0.596
0.7,0.55,0.95,"spillover",0.0805857005772953,0.568
0.7,0.6,0.2,"spillover",0.0742956067614681,0.612
0.7,0.6,0.5,"spillover",0.0728861985920707,0.596
0.7,0.6,0.95,"spillover",0.0782302999118557,0.592
0.7,0.65,0.2,"spillover",0.0719395969084158,0.668
0.7,0.65,0.5,"spillover",0.055670744671451,0.68
0.7,0.65,0.95,"spillover",0.0580404920489668,0.69
0.7,0.7,0.2,"spillover",0.0547193388653642,0.676
0.7,0.7,0.5,"spillover",0.0556418564433277,0.67
0.7,0.7,0.95,"spillover",0.0542402883388999,0.68
0.7,0.75,0.2,"spillover",0.058299610975806,0.75
0.7,0.75,0.5,"spillover",0.040579376271008,0.766
0.7,0.75,0.95,"spillover",0.0528610398231359,0.75
0.7,0.8,0.2,"spillover",0.0320236559484905,0.82
0.7,0.8,0.5,"spillover",0.0406837646105243,0.788
0.7,0.8,0.95,"spillover",0.0318341764068684,0.792
0.7,0.85,0.2,"spillover",0.0267215949921548,0.84
0.7,0.85,0.5,"spillover",0.038122582451822,0.82
0.7,0.85,0.95,"spillover",0.0305778213554019,0.872
0.7,0.9,0.2,"spillover",0.0175134465896821,0.894
0.7,0.9,0.5,"spillover",0.0169630929175796,0.914
0.7,0.9,0.95,"spillover",0.0205010102416194,0.882
0.7,0.95,0.2,"spillover",0.0126520158443027,0.95
0.7,0.95,0.5,"spillover",0.00691244121376142,0.952
0.7,0.95,0.95,"spillover",0.00708028769343786,0.956
0.7,1,0.2,"spillover",0,1
0.7,1,0.5,"spillover",0,1
0.7,1,0.95,"spillover",0,1
0.75,0,0.2,"spillover",0.190796163789785,0.282
0.75,0,0.5,"spillover",0.190704473691376,0.262
0.75,0,0.95,"spillover",0.188152285272939,0.302
0.75,0.05,0.2,"spillover",0.164706021609469,0.292
0.75,0.05,0.5,"spillover",0.166005758361837,0.308
0.75,0.05,0.95,"spillover",0.174756331332445,0.34
0.75,0.1,0.2,"spillover",0.152001178843111,0.318
0.75,0.1,0.5,"spillover",0.166118315680815,0.326
0.75,0.1,0.95,"spillover",0.152681875707711,0.33
0.75,0.15,0.2,"spillover",0.144560858434784,0.334
0.75,0.15,0.5,"spillover",0.155993665655239,0.364
0.75,0.15,0.95,"spillover",0.152160997904446,0.33
0.75,0.2,0.2,"spillover",0.146992527333688,0.384
0.75,0.2,0.5,"spillover",0.149311363412624,0.36
0.75,0.2,0.95,"spillover",0.144058545389026,0.366
0.75,0.25,0.2,"spillover",0.137554419191715,0.388
0.75,0.25,0.5,"spillover",0.145895994346562,0.37
0.75,0.25,0.95,"spillover",0.134504658362071,0.4
0.75,0.3,0.2,"spillover",0.135514657439588,0.436
0.75,0.3,0.5,"spillover",0.122008462147632,0.424
0.75,0.3,0.95,"spillover",0.137385304038311,0.42
0.75,0.35,0.2,"spillover",0.107803325984935,0.446
0.75,0.35,0.5,"spillover",0.117157477181289,0.48
0.75,0.35,0.95,"spillover",0.113507627963445,0.402
0.75,0.4,0.2,"spillover",0.110998238734973,0.496
0.75,0.4,0.5,"spillover",0.108632429638849,0.498
0.75,0.4,0.95,"spillover",0.112306112914542,0.438
0.75,0.45,0.2,"spillover",0.107599426784433,0.514
0.75,0.45,0.5,"spillover",0.11236243594504,0.474
0.75,0.45,0.95,"spillover",0.0931689401206921,0.51
0.75,0.5,0.2,"spillover",0.089217137917405,0.548
0.75,0.5,0.5,"spillover",0.0823773598466076,0.508
0.75,0.5,0.95,"spillover",0.104944404342448,0.544
0.75,0.55,0.2,"spillover",0.0934874416225164,0.546
0.75,0.55,0.5,"spillover",0.0808631878133732,0.6
0.75,0.55,0.95,"spillover",0.095390136945071,0.598
0.75,0.6,0.2,"spillover",0.0776468496232984,0.576
0.75,0.6,0.5,"spillover",0.075408100543723,0.646
0.75,0.6,0.95,"spillover",0.0736097807234335,0.604
0.75,0.65,0.2,"spillover",0.0670097141948713,0.672
0.75,0.65,0.5,"spillover",0.0615516920033575,0.66
0.75,0.65,0.95,"spillover",0.069697851721273,0.668
0.75,0.7,0.2,"spillover",0.0502445163763864,0.738
0.75,0.7,0.5,"spillover",0.0517423410455156,0.684
0.75,0.7,0.95,"spillover",0.0643790606472231,0.712
0.75,0.75,0.2,"spillover",0.0406511518484258,0.78
0.75,0.75,0.5,"spillover",0.0381709177176493,0.76
0.75,0.75,0.95,"spillover",0.0401165339401036,0.746
0.75,0.8,0.2,"spillover",0.0393665176889199,0.794
0.75,0.8,0.5,"spillover",0.0437705495796571,0.762
0.75,0.8,0.95,"spillover",0.0363883431534323,0.788
0.75,0.85,0.2,"spillover",0.0258259740176007,0.852
0.75,0.85,0.5,"spillover",0.031934754433552,0.85
0.75,0.85,0.95,"spillover",0.031763742924946,0.826
0.75,0.9,0.2,"spillover",0.0183297575406936,0.884
0.75,0.9,0.5,"spillover",0.0168167568963703,0.9
0.75,0.9,0.95,"spillover",0.0187241947242907,0.922
0.75,0.95,0.2,"spillover",0.0126171342646098,0.95
0.75,0.95,0.5,"spillover",0.0109629876992659,0.942
0.75,0.95,0.95,"spillover",0.0127102713244376,0.94
0.75,1,0.2,"spillover",0,1
0.75,1,0.5,"spillover",0,1
0.75,1,0.95,"spillover",0,1
0.8,0,0.2,"spillover",0.170675436953173,0.294
0.8,0,0.5,"spillover",0.177564260702252,0.334
0.8,0,0.95,"spillover",0.185072598226238,0.294
0.8,0.05,0.2,"spillover",0.16666395811804,0.296
0.8,0.05,0.5,"spillover",0.174239421525744,0.312
0.8,0.05,0.95,"spillover",0.16557026026412,0.33
0.8,0.1,0.2,"spillover",0.165972068624988,0.324
0.8,0.1,0.5,"spillover",0.170269289044334,0.308
0.8,0.1,0.95,"spillover",0.155269021252651,0.358
0.8,0.15,0.2,"spillover",0.160011724071767,0.342
0.8,0.15,0.5,"spillover",0.164399530403271,0.346
0.8,0.15,0.95,"spillover",0.158798974979209,0.336
0.8,0.2,0.2,"spillover",0.161259190205316,0.368
0.8,0.2,0.5,"spillover",0.137159115566304,0.338
0.8,0.2,0.95,"spillover",0.137130269339969,0.392
0.8,0.25,0.2,"spillover",0.132710089727708,0.428
0.8,0.25,0.5,"spillover",0.137979863985622,0.374
0.8,0.25,0.95,"spillover",0.132236129626647,0.384
0.8,0.3,0.2,"spillover",0.129625960334013,0.424
0.8,0.3,0.5,"spillover",0.119007823597745,0.386
0.8,0.3,0.95,"spillover",0.136893193914153,0.372
0.8,0.35,0.2,"spillover",0.0995686076478297,0.476
0.8,0.35,0.5,"spillover",0.11554621852769,0.482
0.8,0.35,0.95,"spillover",0.113208089423592,0.43
0.8,0.4,0.2,"spillover",0.107751736720958,0.492
0.8,0.4,0.5,"spillover",0.113143104452003,0.494
0.8,0.4,0.95,"spillover",0.110277481443468,0.444
0.8,0.45,0.2,"spillover",0.0994079501946032,0.496
0.8,0.45,0.5,"spillover",0.099601039550013,0.474
0.8,0.45,0.95,"spillover",0.0896724554028646,0.54
0.8,0.5,0.2,"spillover",0.094932248399949,0.532
0.8,0.5,0.5,"spillover",0.0904841148211552,0.532
0.8,0.5,0.95,"spillover",0.0991081582271299,0.574
0.8,0.55,0.2,"spillover",0.0842178365253304,0.596
0.8,0.55,0.5,"spillover",0.0785803100757167,0.564
0.8,0.55,0.95,"spillover",0.0887980711245539,0.552
0.8,0.6,0.2,"spillover",0.0773888585269019,0.572
0.8,0.6,0.5,"spillover",0.0748575828072646,0.612
0.8,0.6,0.95,"spillover",0.0769571535779564,0.626
0.8,0.65,0.2,"spillover",0.0636014227171016,0.658
0.8,0.65,0.5,"spillover",0.0749477329096005,0.68
0.8,0.65,0.95,"spillover",0.067160901632616,0.642
0.8,0.7,0.2,"spillover",0.0544842101089459,0.726
0.8,0.7,0.5,"spillover",0.0594539555338907,0.672
0.8,0.7,0.95,"spillover",0.0496385278472328,0.672
0.8,0.75,0.2,"spillover",0.0462845310906215,0.754
0.8,0.75,0.5,"spillover",0.0496205214115617,0.732
0.8,0.75,0.95,"spillover",0.0496263182843969,0.726
0.8,0.8,0.2,"spillover",0.0372159007586893,0.794
0.8,0.8,0.5,"spillover",0.0371336955251552,0.786
0.8,0.8,0.95,"spillover",0.0381020946581859,0.776
0.8,0.85,0.2,"spillover",0.0279141730106244,0.818
0.8,0.85,0.5,"spillover",0.0272278443402837,0.878
0.8,0.85,0.95,"spillover",0.0375932392978719,0.868
0.8,0.9,0.2,"spillover",0.0175754896333695,0.874
0.8,0.9,0.5,"spillover",0.0150270504080955,0.906
0.8,0.9,0.95,"spillover",0.018009119478331,0.904
0.8,0.95,0.2,"spillover",0.0121192570813969,0.958
0.8,0.95,0.5,"spillover",0.0106911126081589,0.956
0.8,0.95,0.95,"spillover",0.00897151896202252,0.956
0.8,1,0.2,"spillover",0,1
0.8,1,0.5,"spillover",0,1
0.8,1,0.95,"spillover",0,1
0.85,0,0.2,"spillover",0.174630422780815,0.284
0.85,0,0.5,"spillover",0.174393050727249,0.286
0.85,0,0.95,"spillover",0.176240945565961,0.27
0.85,0.05,0.2,"spillover",0.166353283290347,0.316
0.85,0.05,0.5,"spillover",0.169277762119628,0.28
0.85,0.05,0.95,"spillover",0.161362428922696,0.272
0.85,0.1,0.2,"spillover",0.155512555646623,0.338
0.85,0.1,0.5,"spillover",0.168646144293005,0.314
0.85,0.1,0.95,"spillover",0.162098704679245,0.356
0.85,0.15,0.2,"spillover",0.164671209298636,0.328
0.85,0.15,0.5,"spillover",0.146777228112955,0.364
0.85,0.15,0.95,"spillover",0.152131131986332,0.358
0.85,0.2,0.2,"spillover",0.155809371106929,0.38
0.85,0.2,0.5,"spillover",0.140445987325618,0.384
0.85,0.2,0.95,"spillover",0.151294487121828,0.348
0.85,0.25,0.2,"spillover",0.152472996269448,0.394
0.85,0.25,0.5,"spillover",0.136727902897268,0.414
0.85,0.25,0.95,"spillover",0.139048742696191,0.416
0.85,0.3,0.2,"spillover",0.128619187623679,0.396
0.85,0.3,0.5,"spillover",0.12751128413831,0.394
0.85,0.3,0.95,"spillover",0.113678755407464,0.428
0.85,0.35,0.2,"spillover",0.118451228956637,0.422
0.85,0.35,0.5,"spillover",0.111351050314258,0.438
0.85,0.35,0.95,"spillover",0.110744607820949,0.474
0.85,0.4,0.2,"spillover",0.103558616554895,0.504
0.85,0.4,0.5,"spillover",0.112509473289522,0.492
0.85,0.4,0.95,"spillover",0.102362632624199,0.478
0.85,0.45,0.2,"spillover",0.0853575658176412,0.526
0.85,0.45,0.5,"spillover",0.108583955535865,0.476
0.85,0.45,0.95,"spillover",0.10089899302187,0.526
0.85,0.5,0.2,"spillover",0.101420951855742,0.522
0.85,0.5,0.5,"spillover",0.0868210067287825,0.616
0.85,0.5,0.95,"spillover",0.0865167988983806,0.502
0.85,0.55,0.2,"spillover",0.0926666207932094,0.552
0.85,0.55,0.5,"spillover",0.0960348900750302,0.572
0.85,0.55,0.95,"spillover",0.0827274300222827,0.564
0.85,0.6,0.2,"spillover",0.0806475712266834,0.584
0.85,0.6,0.5,"spillover",0.0745730525067408,0.592
0.85,0.6,0.95,"spillover",0.0734529799907428,0.66
0.85,0.65,0.2,"spillover",0.0749442754575706,0.616
0.85,0.65,0.5,"spillover",0.0711672927680076,0.63
0.85,0.65,0.95,"spillover",0.0713842389419668,0.638
0.85,0.7,0.2,"spillover",0.0549007113856563,0.69
0.85,0.7,0.5,"spillover",0.0619495739494543,0.704
0.85,0.7,0.95,"spillover",0.0546851598908463,0.696
0.85,0.75,0.2,"spillover",0.0452768130461534,0.742
0.85,0.75,0.5,"spillover",0.0502748566882449,0.718
0.85,0.75,0.95,"spillover",0.0483783423725406,0.778
0.85,0.8,0.2,"spillover",0.0408891511542401,0.728
0.85,0.8,0.5,"spillover",0.0433392002629508,0.806
0.85,0.8,0.95,"spillover",0.0367552944468849,0.8
0.85,0.85,0.2,"spillover",0.0278508907937748,0.84
0.85,0.85,0.5,"spillover",0.0289392253222272,0.842
0.85,0.85,0.95,"spillover",0.0332244732978876,0.844
0.85,0.9,0.2,"spillover",0.0177277799787291,0.896
0.85,0.9,0.5,"spillover",0.0169828112407415,0.894
0.85,0.9,0.95,"spillover",0.0222497915787347,0.898
0.85,0.95,0.2,"spillover",0.0119763851229762,0.954
0.85,0.95,0.5,"spillover",0.0104548886570088,0.954
0.85,0.95,0.95,"spillover",0.00634294934508286,0.958
0.85,1,0.2,"spillover",0,1
0.85,1,0.5,"spillover",0,1
0.85,1,0.95,"spillover",0,1
0.9,0,0.2,"spillover",0.177648586055007,0.306
0.9,0,0.5,"spillover",0.179522419132958,0.274
0.9,0,0.95,"spillover",0.169775696218925,0.282
0.9,0.05,0.2,"spillover",0.172331176933951,0.312
0.9,0.05,0.5,"spillover",0.171844556417715,0.316
0.9,0.05,0.95,"spillover",0.166800197800306,0.286
0.9,0.1,0.2,"spillover",0.169981482438485,0.36
0.9,0.1,0.5,"spillover",0.158453101262482,0.328
0.9,0.1,0.95,"spillover",0.157097305266337,0.326
0.9,0.15,0.2,"spillover",0.167440782398134,0.344
0.9,0.15,0.5,"spillover",0.1525226761398,0.386
0.9,0.15,0.95,"spillover",0.149828801627064,0.384
0.9,0.2,0.2,"spillover",0.151354884720004,0.416
0.9,0.2,0.5,"spillover",0.131833115477022,0.39
0.9,0.2,0.95,"spillover",0.150504710376983,0.372
0.9,0.25,0.2,"spillover",0.126376613155221,0.412
0.9,0.25,0.5,"spillover",0.145447325068438,0.378
0.9,0.25,0.95,"spillover",0.142491523581142,0.386
0.9,0.3,0.2,"spillover",0.129575299269854,0.402
0.9,0.3,0.5,"spillover",0.13037132107786,0.444
0.9,0.3,0.95,"spillover",0.113773503847816,0.398
0.9,0.35,0.2,"spillover",0.113747905865519,0.464
0.9,0.35,0.5,"spillover",0.124456060381626,0.418
0.9,0.35,0.95,"spillover",0.113409074477565,0.458
0.9,0.4,0.2,"spillover",0.11026788847922,0.492
0.9,0.4,0.5,"spillover",0.111260137900332,0.504
0.9,0.4,0.95,"spillover",0.114470320066006,0.47
0.9,0.45,0.2,"spillover",0.102870509955423,0.518
0.9,0.45,0.5,"spillover",0.104008931321477,0.502
0.9,0.45,0.95,"spillover",0.105167347433299,0.546
0.9,0.5,0.2,"spillover",0.109405738605,0.502
0.9,0.5,0.5,"spillover",0.0908960943161426,0.546
0.9,0.5,0.95,"spillover",0.0928968980081777,0.572
0.9,0.55,0.2,"spillover",0.0880246275367943,0.63
0.9,0.55,0.5,"spillover",0.0831642486685398,0.552
0.9,0.55,0.95,"spillover",0.0769762278391633,0.568
0.9,0.6,0.2,"spillover",0.073418956180214,0.602
0.9,0.6,0.5,"spillover",0.0825633961261641,0.6
0.9,0.6,0.95,"spillover",0.0823701166798731,0.64
0.9,0.65,0.2,"spillover",0.0663226088930431,0.674
0.9,0.65,0.5,"spillover",0.0651254204872275,0.626
0.9,0.65,0.95,"spillover",0.0601618331928293,0.654
0.9,0.7,0.2,"spillover",0.0539465475576708,0.666
0.9,0.7,0.5,"spillover",0.0511439742371026,0.666
0.9,0.7,0.95,"spillover",0.0592830891763666,0.7
0.9,0.75,0.2,"spillover",0.0559555860959057,0.756
0.9,0.75,0.5,"spillover",0.0496552452083892,0.742
0.9,0.75,0.95,"spillover",0.051238386960075,0.774
0.9,0.8,0.2,"spillover",0.0416727269738412,0.782
0.9,0.8,0.5,"spillover",0.0469549877627805,0.772
0.9,0.8,0.95,"spillover",0.0374448732258845,0.768
0.9,0.85,0.2,"spillover",0.0274240465742991,0.848
0.9,0.85,0.5,"spillover",0.0315253312583563,0.842
0.9,0.85,0.95,"spillover",0.0290372160384567,0.818
0.9,0.9,0.2,"spillover",0.0165867147471604,0.898
0.9,0.9,0.5,"spillover",0.0176277350013741,0.888
0.9,0.9,0.95,"spillover",0.0194555995750711,0.892
0.9,0.95,0.2,"spillover",0.00652986644933078,0.958
0.9,0.95,0.5,"spillover",0.00735559083359046,0.966
0.9,0.95,0.95,"spillover",0.00967832182707028,0.948
0.9,1,0.2,"spillover",0,1
0.9,1,0.5,"spillover",0,1
0.9,1,0.95,"spillover",0,1
0.95,0,0.2,"spillover",0.192550763164083,0.326
0.95,0,0.5,"spillover",0.153335110301645,0.238
0.95,0,0.95,"spillover",0.158584483584021,0.34
0.95,0.05,0.2,"spillover",0.181525514676246,0.274
0.95,0.05,0.5,"spillover",0.171999525431073,0.306
0.95,0.05,0.95,"spillover",0.15849243268335,0.354
0.95,0.1,0.2,"spillover",0.152281025793266,0.314
0.95,0.1,0.5,"spillover",0.164826171785767,0.338
0.95,0.1,0.95,"spillover",0.151403686055675,0.358
0.95,0.15,0.2,"spillover",0.152684194932594,0.324
0.95,0.15,0.5,"spillover",0.136811748356933,0.338
0.95,0.15,0.95,"spillover",0.157029008934,0.376
0.95,0.2,0.2,"spillover",0.151380398853567,0.372
0.95,0.2,0.5,"spillover",0.146551993167408,0.362
0.95,0.2,0.95,"spillover",0.14464128400533,0.382
0.95,0.25,0.2,"spillover",0.137555044137622,0.404
0.95,0.25,0.5,"spillover",0.140433184587426,0.43
0.95,0.25,0.95,"spillover",0.129035744028744,0.418
0.95,0.3,0.2,"spillover",0.143096489602632,0.414
0.95,0.3,0.5,"spillover",0.128016474518908,0.432
0.95,0.3,0.95,"spillover",0.129746111449573,0.412
0.95,0.35,0.2,"spillover",0.118547056875219,0.44
0.95,0.35,0.5,"spillover",0.132486139482454,0.446
0.95,0.35,0.95,"spillover",0.125272698165004,0.41
0.95,0.4,0.2,"spillover",0.107585786513217,0.444
0.95,0.4,0.5,"spillover",0.11444734367987,0.504
0.95,0.4,0.95,"spillover",0.10790383530324,0.47
0.95,0.45,0.2,"spillover",0.102921268338791,0.498
0.95,0.45,0.5,"spillover",0.0941038002621936,0.57
0.95,0.45,0.95,"spillover",0.113986644539667,0.506
0.95,0.5,0.2,"spillover",0.0867727558628561,0.534
0.95,0.5,0.5,"spillover",0.0815732591614409,0.522
0.95,0.5,0.95,"spillover",0.0999138626154526,0.564
0.95,0.55,0.2,"spillover",0.0860592312419354,0.568
0.95,0.55,0.5,"spillover",0.0834537866095521,0.56
0.95,0.55,0.95,"spillover",0.0797209576185913,0.564
0.95,0.6,0.2,"spillover",0.0629304789231537,0.616
0.95,0.6,0.5,"spillover",0.0779225870459336,0.596
0.95,0.6,0.95,"spillover",0.0752440264734387,0.572
0.95,0.65,0.2,"spillover",0.0670330516019539,0.638
0.95,0.65,0.5,"spillover",0.0637204572593408,0.692
0.95,0.65,0.95,"spillover",0.0690704258187392,0.672
0.95,0.7,0.2,"spillover",0.0503848109703365,0.704
0.95,0.7,0.5,"spillover",0.0511519319885708,0.678
0.95,0.7,0.95,"spillover",0.056457520153834,0.714
0.95,0.75,0.2,"spillover",0.0481503788135648,0.766
0.95,0.75,0.5,"spillover",0.0512390973899732,0.73
0.95,0.75,0.95,"spillover",0.0465420455970964,0.744
0.95,0.8,0.2,"spillover",0.0339825650805418,0.78
0.95,0.8,0.5,"spillover",0.0374817441717471,0.778
0.95,0.8,0.95,"spillover",0.0332858852212076,0.784
0.95,0.85,0.2,"spillover",0.0301107838741346,0.824
0.95,0.85,0.5,"spillover",0.0299272452566084,0.834
0.95,0.85,0.95,"spillover",0.027279886527404,0.85
0.95,0.9,0.2,"spillover",0.0210554191159228,0.896
0.95,0.9,0.5,"spillover",0.0189103883193677,0.926
0.95,0.9,0.95,"spillover",0.0132341638439019,0.914
0.95,0.95,0.2,"spillover",0.00861603286046375,0.96
0.95,0.95,0.5,"spillover",0.0102858895075774,0.948
0.95,0.95,0.95,"spillover",0.0137295525567671,0.934
0.95,1,0.2,"spillover",0,1
0.95,1,0.5,"spillover",0,1
0.95,1,0.95,"spillover",0,1
1,0,0.2,"spillover",0.186361891226676,0.306
1,0,0.5,"spillover",0.183075143804938,0.276
1,0,0.95,"spillover",0.184330988491586,0.314
1,0.05,0.2,"spillover",0.163323666890628,0.33
1,0.05,0.5,"spillover",0.171928646460254,0.312
1,0.05,0.95,"spillover",0.166576042905808,0.324
1,0.1,0.2,"spillover",0.171002794273372,0.324
1,0.1,0.5,"spillover",0.157863923158996,0.342
1,0.1,0.95,"spillover",0.166959369248005,0.314
1,0.15,0.2,"spillover",0.143444871469047,0.38
1,0.15,0.5,"spillover",0.154780250957465,0.402
1,0.15,0.95,"spillover",0.146794177455823,0.35
1,0.2,0.2,"spillover",0.132846795146287,0.386
1,0.2,0.5,"spillover",0.148526246810022,0.38
1,0.2,0.95,"spillover",0.135845454094786,0.364
1,0.25,0.2,"spillover",0.127116795457139,0.434
1,0.25,0.5,"spillover",0.135199763499908,0.384
1,0.25,0.95,"spillover",0.131556199540205,0.434
1,0.3,0.2,"spillover",0.13732448791808,0.41
1,0.3,0.5,"spillover",0.122829141316954,0.474
1,0.3,0.95,"spillover",0.133339346849722,0.416
1,0.35,0.2,"spillover",0.127189330353707,0.426
1,0.35,0.5,"spillover",0.112185945428653,0.454
1,0.35,0.95,"spillover",0.113469954946427,0.45
1,0.4,0.2,"spillover",0.11482832952235,0.454
1,0.4,0.5,"spillover",0.112778602096275,0.44
1,0.4,0.95,"spillover",0.115189106011651,0.492
1,0.45,0.2,"spillover",0.104141437027069,0.5
1,0.45,0.5,"spillover",0.110545499824033,0.532
1,0.45,0.95,"spillover",0.101420935037577,0.538
1,0.5,0.2,"spillover",0.0905917807136152,0.502
1,0.5,0.5,"spillover",0.0940939453406511,0.548
1,0.5,0.95,"spillover",0.0899567674190692,0.522
1,0.55,0.2,"spillover",0.08240069521993,0.574
1,0.55,0.5,"spillover",0.0850267687539767,0.574
1,0.55,0.95,"spillover",0.0873189445989588,0.562
1,0.6,0.2,"spillover",0.0822429202779339,0.614
1,0.6,0.5,"spillover",0.0721508089956349,0.6
1,0.6,0.95,"spillover",0.0831928553836083,0.602
1,0.65,0.2,"spillover",0.0740383012690175,0.638
1,0.65,0.5,"spillover",0.0653773156504894,0.656
1,0.65,0.95,"spillover",0.0685414882333643,0.634
1,0.7,0.2,"spillover",0.0553829187423668,0.68
1,0.7,0.5,"spillover",0.0524806946228508,0.694
1,0.7,0.95,"spillover",0.0537959246064636,0.71
1,0.75,0.2,"spillover",0.0580511617524571,0.712
1,0.75,0.5,"spillover",0.040059922420093,0.728
1,0.75,0.95,"spillover",0.0480676822659865,0.732
1,0.8,0.2,"spillover",0.0406080573836073,0.796
1,0.8,0.5,"spillover",0.0402893808225024,0.808
1,0.8,0.95,"spillover",0.0407513983235094,0.768
1,0.85,0.2,"spillover",0.0326185974686378,0.838
1,0.85,0.5,"spillover",0.0328932418195973,0.844
1,0.85,0.95,"spillover",0.0289877095772146,0.838
1,0.9,0.2,"spillover",0.0182127883345586,0.906
1,0.9,0.5,"spillover",0.0135078661513984,0.908
1,0.9,0.95,"spillover",0.0223973548550268,0.906
1,0.95,0.2,"spillover",0.00975590450413635,0.948
1,0.95,0.5,"spillover",0.00922478561352133,0.946
1,0.95,0.95,"spillover",0.00919871150737579,0.938
1,1,0.2,"spillover",0,1
1,1,0.5,"spillover",0,1
1,1,0.95,"spillover",0,1
