"","size","pct_hunt","prev_ratio","fadeout"
"1",25,0,0,0.693333333333333
"2",25,0.05,0.0156332296666667,0.626666666666667
"3",25,0.1,0.0336676477777778,0.636666666666667
"4",25,0.15,0.0454012052222222,0.686666666666667
"5",25,0.2,0.0578041241666667,0.663333333333333
"6",25,0.25,0.0589416359444444,0.713333333333333
"7",25,0.3,0.0732265780555556,0.703333333333333
"8",25,0.35,0.101264987555556,0.63
"9",25,0.4,0.102901183888889,0.66
"10",25,0.45,0.0966500673888889,0.72
"11",25,0.5,0.118532840111111,0.693333333333333
"12",25,0.55,0.125824973222222,0.683333333333333
"13",25,0.6,0.141816883,0.673333333333333
"14",25,0.65,0.134482269222222,0.71
"15",25,0.7,0.176543229166667,0.623333333333333
"16",25,0.75,0.1637885055,0.686666666666667
"17",25,0.8,0.150414233611111,0.716666666666667
"18",25,0.85,0.173904604888889,0.69
"19",25,0.9,0.156957009555556,0.726666666666667
"20",25,0.95,0.187628283833333,0.69
"21",25,1,0.178691340555556,0.693333333333333
"22",50,0,0,0.466666666666667
"23",50,0.05,0.0277715166666667,0.436666666666667
"24",50,0.1,0.0622171678333333,0.42
"25",50,0.15,0.0805810897777778,0.486666666666667
"26",50,0.2,0.0952962946666667,0.42
"27",50,0.25,0.127844087722222,0.44
"28",50,0.3,0.164151908722222,0.426666666666667
"29",50,0.35,0.164634048833333,0.463333333333333
"30",50,0.4,0.175746724555556,0.473333333333333
"31",50,0.45,0.193475696388889,0.486666666666667
"32",50,0.5,0.239994160111111,0.41
"33",50,0.55,0.224826078,0.513333333333333
"34",50,0.6,0.2494444345,0.46
"35",50,0.65,0.296308362944444,0.403333333333333
"36",50,0.7,0.301404432611111,0.416666666666667
"37",50,0.75,0.324195314555556,0.473333333333333
"38",50,0.8,0.345952212666667,0.45
"39",50,0.85,0.341962045777778,0.406666666666667
"40",50,0.9,0.333259637777778,0.456666666666667
"41",50,0.95,0.376586487722222,0.396666666666667
"42",50,1,0.373167035055556,0.46
"43",75,0,0,0.453333333333333
"44",75,0.05,0.0355572061111111,0.426666666666667
"45",75,0.1,0.047895032,0.456666666666667
"46",75,0.15,0.0785495028888889,0.446666666666667
"47",75,0.2,0.106083057888889,0.45
"48",75,0.25,0.130914542555556,0.44
"49",75,0.3,0.157381148055556,0.453333333333333
"50",75,0.35,0.178344523888889,0.383333333333333
"51",75,0.4,0.174671178944444,0.453333333333333
"52",75,0.45,0.213043075833333,0.413333333333333
"53",75,0.5,0.230126629944444,0.42
"54",75,0.55,0.239658525388889,0.446666666666667
"55",75,0.6,0.264369468722222,0.466666666666667
"56",75,0.65,0.266332308,0.47
"57",75,0.7,0.315319096444444,0.46
"58",75,0.75,0.306243876611111,0.453333333333333
"59",75,0.8,0.311138913722222,0.46
"60",75,0.85,0.329207763555556,0.46
"61",75,0.9,0.338295255111111,0.426666666666667
"62",75,0.95,0.312016381333333,0.503333333333333
"63",75,1,0.376605034277778,0.41
"64",100,0,0,0.303333333333333
"65",100,0.05,0.0341770016666667,0.326666666666667
"66",100,0.1,0.0652050410555556,0.296666666666667
"67",100,0.15,0.113446072666667,0.253333333333333
"68",100,0.2,0.137072825888889,0.306666666666667
"69",100,0.25,0.156423229277778,0.323333333333333
"70",100,0.3,0.180598019444444,0.273333333333333
"71",100,0.35,0.217594861111111,0.29
"72",100,0.4,0.227065690611111,0.326666666666667
"73",100,0.45,0.293375000388889,0.26
"74",100,0.5,0.297008883666667,0.29
"75",100,0.55,0.312075463722222,0.276666666666667
"76",100,0.6,0.345436827388889,0.266666666666667
"77",100,0.65,0.367952306666667,0.256666666666667
"78",100,0.7,0.364445583833333,0.323333333333333
"79",100,0.75,0.385865429833333,0.313333333333333
"80",100,0.8,0.375927340722222,0.316666666666667
"81",100,0.85,0.393401893222222,0.296666666666667
"82",100,0.9,0.471604313333333,0.276666666666667
"83",100,0.95,0.445500691388889,0.273333333333333
"84",100,1,0.480890532666667,0.283333333333333
"85",125,0,0,0.17
"86",125,0.05,0.039210605,0.163333333333333
"87",125,0.1,0.0738098465,0.166666666666667
"88",125,0.15,0.111951246055556,0.163333333333333
"89",125,0.2,0.170263026333333,0.163333333333333
"90",125,0.25,0.179065885833333,0.193333333333333
"91",125,0.3,0.220236634222222,0.22
"92",125,0.35,0.233935249666667,0.173333333333333
"93",125,0.4,0.2696204045,0.163333333333333
"94",125,0.45,0.322285053388889,0.18
"95",125,0.5,0.319950497888889,0.176666666666667
"96",125,0.55,0.361565360333333,0.176666666666667
"97",125,0.6,0.363888433777778,0.18
"98",125,0.65,0.401198745444444,0.183333333333333
"99",125,0.7,0.413606765333333,0.193333333333333
"100",125,0.75,0.453072220777778,0.176666666666667
"101",125,0.8,0.435955138222222,0.2
"102",125,0.85,0.481135534611111,0.183333333333333
"103",125,0.9,0.482913857888889,0.206666666666667
"104",125,0.95,0.575615128166667,0.156666666666667
"105",125,1,0.509063772222222,0.176666666666667
"106",150,0,0,0.17
"107",150,0.05,0.0516288243333333,0.2
"108",150,0.1,0.0808164936666667,0.166666666666667
"109",150,0.15,0.128000455,0.183333333333333
"110",150,0.2,0.159034903944444,0.17
"111",150,0.25,0.188066186888889,0.17
"112",150,0.3,0.236665588277778,0.113333333333333
"113",150,0.35,0.231195882166667,0.206666666666667
"114",150,0.4,0.288530123944444,0.183333333333333
"115",150,0.45,0.305097335111111,0.186666666666667
"116",150,0.5,0.335744772444444,0.186666666666667
"117",150,0.55,0.3693447885,0.193333333333333
"118",150,0.6,0.378659225611111,0.223333333333333
"119",150,0.65,0.381501370333333,0.21
"120",150,0.7,0.435062124611111,0.176666666666667
"121",150,0.75,0.466176141055556,0.2
"122",150,0.8,0.455796349166667,0.22
"123",150,0.85,0.4798462935,0.16
"124",150,0.9,0.505635264166667,0.163333333333333
"125",150,0.95,0.540794916111111,0.153333333333333
"126",150,1,0.541410238777778,0.163333333333333
"127",175,0,0,0.123333333333333
"128",175,0.05,0.0502853316111111,0.103333333333333
"129",175,0.1,0.0845458618333333,0.116666666666667
"130",175,0.15,0.118347021777778,0.143333333333333
"131",175,0.2,0.169080907166667,0.106666666666667
"132",175,0.25,0.192866280444444,0.116666666666667
"133",175,0.3,0.248415790722222,0.116666666666667
"134",175,0.35,0.2722958695,0.1
"135",175,0.4,0.303273651111111,0.0933333333333333
"136",175,0.45,0.327486044166667,0.126666666666667
"137",175,0.5,0.357228006611111,0.0933333333333333
"138",175,0.55,0.372866989888889,0.103333333333333
"139",175,0.6,0.398266816555556,0.11
"140",175,0.65,0.435844991833333,0.146666666666667
"141",175,0.7,0.4534606835,0.126666666666667
"142",175,0.75,0.456949125722222,0.12
"143",175,0.8,0.498921124055556,0.123333333333333
"144",175,0.85,0.513120233055556,0.106666666666667
"145",175,0.9,0.523705951777778,0.146666666666667
"146",175,0.95,0.530836267222222,0.12
"147",175,1,0.596111057277778,0.106666666666667
"148",200,0,0,0.13
"149",200,0.05,0.0420387955555556,0.13
"150",200,0.1,0.0918439738888889,0.113333333333333
"151",200,0.15,0.122105518222222,0.106666666666667
"152",200,0.2,0.164866268333333,0.12
"153",200,0.25,0.198357340944444,0.126666666666667
"154",200,0.3,0.220603148055556,0.106666666666667
"155",200,0.35,0.256723715777778,0.113333333333333
"156",200,0.4,0.321030854055556,0.103333333333333
"157",200,0.45,0.334351026,0.0866666666666667
"158",200,0.5,0.347332759555556,0.1
"159",200,0.55,0.387551893777778,0.116666666666667
"160",200,0.6,0.414754466833333,0.113333333333333
"161",200,0.65,0.438960583777778,0.126666666666667
"162",200,0.7,0.434230814722222,0.12
"163",200,0.75,0.477505967,0.0966666666666667
"164",200,0.8,0.494391795722222,0.09
"165",200,0.85,0.496962512777778,0.1
"166",200,0.9,0.502229889444444,0.14
"167",200,0.95,0.556931588666667,0.103333333333333
"168",200,1,0.573938175055556,0.15
"169",225,0,0,0.0866666666666667
"170",225,0.05,0.0420012933333333,0.0566666666666667
"171",225,0.1,0.0813625266666667,0.0966666666666667
"172",225,0.15,0.1301499,0.0666666666666667
"173",225,0.2,0.165610666111111,0.06
"174",225,0.25,0.199500091555556,0.0866666666666667
"175",225,0.3,0.275859773055556,0.08
"176",225,0.35,0.2673960505,0.0866666666666667
"177",225,0.4,0.336880156055556,0.09
"178",225,0.45,0.346936008222222,0.0533333333333333
"179",225,0.5,0.356908756055556,0.0866666666666667
"180",225,0.55,0.377333088166667,0.0933333333333333
"181",225,0.6,0.423466224055556,0.0566666666666667
"182",225,0.65,0.450215822111111,0.0633333333333333
"183",225,0.7,0.488564129944444,0.0533333333333333
"184",225,0.75,0.487566887666667,0.0933333333333333
"185",225,0.8,0.510820286388889,0.0666666666666667
"186",225,0.85,0.555692183277778,0.0433333333333333
"187",225,0.9,0.554013136555556,0.0766666666666667
"188",225,0.95,0.556665236666667,0.0766666666666667
"189",225,1,0.586802253555556,0.0866666666666667
"190",250,0,0,0.0366666666666667
"191",250,0.05,0.0441601511111111,0.0266666666666667
"192",250,0.1,0.0893519558888889,0.0266666666666667
"193",250,0.15,0.167003300055556,0.0433333333333333
"194",250,0.2,0.175718191333333,0.0566666666666667
"195",250,0.25,0.210775634222222,0.0533333333333333
"196",250,0.3,0.243879893555556,0.0633333333333333
"197",250,0.35,0.326067034777778,0.04
"198",250,0.4,0.320576499111111,0.0466666666666667
"199",250,0.45,0.329943602111111,0.0633333333333333
"200",250,0.5,0.387563730666667,0.0433333333333333
"201",250,0.55,0.415629431555556,0.0566666666666667
"202",250,0.6,0.424769750277778,0.0533333333333333
"203",250,0.65,0.448633482277778,0.0433333333333333
"204",250,0.7,0.486830324777778,0.07
"205",250,0.75,0.484576464222222,0.0566666666666667
"206",250,0.8,0.556100816722222,0.0533333333333333
"207",250,0.85,0.540389663388889,0.0433333333333333
"208",250,0.9,0.571865291111111,0.05
"209",250,0.95,0.599153716166667,0.0466666666666667
"210",250,1,0.6146021095,0.0366666666666667
"211",275,0,0,0.0466666666666667
"212",275,0.05,0.0416294772222222,0.0666666666666667
"213",275,0.1,0.0968424655555555,0.0333333333333333
"214",275,0.15,0.131847997444444,0.0433333333333333
"215",275,0.2,0.175723112777778,0.0633333333333333
"216",275,0.25,0.210048924277778,0.0433333333333333
"217",275,0.3,0.245669930611111,0.03
"218",275,0.35,0.280904853666667,0.0633333333333333
"219",275,0.4,0.325836306333333,0.0366666666666667
"220",275,0.45,0.336228472777778,0.07
"221",275,0.5,0.371751480222222,0.07
"222",275,0.55,0.410396530777778,0.0333333333333333
"223",275,0.6,0.440386033166667,0.04
"224",275,0.65,0.474425316111111,0.0366666666666667
"225",275,0.7,0.499786043555556,0.0333333333333333
"226",275,0.75,0.497092251055556,0.0366666666666667
"227",275,0.8,0.547624332555556,0.04
"228",275,0.85,0.540028168,0.0533333333333333
"229",275,0.9,0.564584142111111,0.0566666666666667
"230",275,0.95,0.589016421611111,0.0633333333333333
"231",275,1,0.595646769,0.0566666666666667
"232",300,0,0,0.0333333333333333
"233",300,0.05,0.0458533544444444,0.0366666666666667
"234",300,0.1,0.0973445022222222,0.0266666666666667
"235",300,0.15,0.143689112888889,0.0333333333333333
"236",300,0.2,0.182337731666667,0.0366666666666667
"237",300,0.25,0.208107439055556,0.0266666666666667
"238",300,0.3,0.270645475722222,0.0366666666666667
"239",300,0.35,0.273648651,0.0266666666666667
"240",300,0.4,0.316216016,0.04
"241",300,0.45,0.356270884222222,0.04
"242",300,0.5,0.378196345055556,0.0466666666666667
"243",300,0.55,0.406530724944444,0.0266666666666667
"244",300,0.6,0.443074608055556,0.02
"245",300,0.65,0.455122389222222,0.0333333333333333
"246",300,0.7,0.473927945611111,0.0566666666666667
"247",300,0.75,0.513484878055556,0.0433333333333333
"248",300,0.8,0.536154730444444,0.05
"249",300,0.85,0.541344953666667,0.04
"250",300,0.9,0.569878196555556,0.03
"251",300,0.95,0.5805383785,0.04
"252",300,1,0.600463295833333,0.0466666666666667
"253",325,0,0,0.00333333333333333
"254",325,0.05,0.0465983938888889,0.02
"255",325,0.1,0.0986566682777778,0.02
"256",325,0.15,0.129325648777778,0.02
"257",325,0.2,0.172434258111111,0.0333333333333333
"258",325,0.25,0.20759066,0.0133333333333333
"259",325,0.3,0.247430813333333,0.02
"260",325,0.35,0.283501867222222,0.01
"261",325,0.4,0.329808962166667,0.0166666666666667
"262",325,0.45,0.357728969277778,0.02
"263",325,0.5,0.379953639277778,0.0233333333333333
"264",325,0.55,0.405048313444444,0.0166666666666667
"265",325,0.6,0.4504900325,0.02
"266",325,0.65,0.458035201666667,0.02
"267",325,0.7,0.486936784,0.0133333333333333
"268",325,0.75,0.533482651555556,0.0366666666666667
"269",325,0.8,0.529345921055556,0.02
"270",325,0.85,0.5556720945,0.02
"271",325,0.9,0.575473024833333,0.0166666666666667
"272",325,0.95,0.622842195333333,0.0333333333333333
"273",325,1,0.592699525055556,0.04
"274",350,0,0,0.03
"275",350,0.05,0.0475161385555556,0.0166666666666667
"276",350,0.1,0.0953073670555556,0.02
"277",350,0.15,0.131768813888889,0.0366666666666667
"278",350,0.2,0.180882483555556,0.02
"279",350,0.25,0.216668505,0.02
"280",350,0.3,0.255133028722222,0.0133333333333333
"281",350,0.35,0.2931649725,0.02
"282",350,0.4,0.329053706555556,0.03
"283",350,0.45,0.359475415222222,0.0133333333333333
"284",350,0.5,0.369775256222222,0.0366666666666667
"285",350,0.55,0.424778081888889,0.00333333333333333
"286",350,0.6,0.442549943833333,0.0266666666666667
"287",350,0.65,0.462394157666667,0.0366666666666667
"288",350,0.7,0.502074423611111,0.02
"289",350,0.75,0.516879365888889,0.04
"290",350,0.8,0.528467453722222,0.0233333333333333
"291",350,0.85,0.561622838722222,0.0233333333333333
"292",350,0.9,0.572445446444444,0.0233333333333333
"293",350,0.95,0.590547672944444,0.0266666666666667
"294",350,1,0.620792668833333,0.0133333333333333
"295",375,0,0,0.01
"296",375,0.05,0.0481452911111111,0.0133333333333333
"297",375,0.1,0.101974936666667,0.00666666666666667
"298",375,0.15,0.132841798111111,0.01
"299",375,0.2,0.194986878055556,0.0133333333333333
"300",375,0.25,0.215403694555556,0.0133333333333333
"301",375,0.3,0.258887353888889,0.0133333333333333
"302",375,0.35,0.2850222525,0.01
"303",375,0.4,0.319078725944444,0.0133333333333333
"304",375,0.45,0.351558524166667,0.00666666666666667
"305",375,0.5,0.382469224944444,0.00333333333333333
"306",375,0.55,0.428233301111111,0.0133333333333333
"307",375,0.6,0.445768209611111,0.00333333333333333
"308",375,0.65,0.475876020222222,0.01
"309",375,0.7,0.491608084166667,0.00666666666666667
"310",375,0.75,0.511125238111111,0.00666666666666667
"311",375,0.8,0.546078308333333,NA
"312",375,0.85,0.553072360888889,0.0166666666666667
"313",375,0.9,0.591141830833333,0.0133333333333333
"314",375,0.95,0.602003103555556,0.00666666666666667
"315",375,1,0.619913009444444,0.0133333333333333
"316",400,0,0,0.0133333333333333
"317",400,0.05,0.0469649177777778,0.0166666666666667
"318",400,0.1,0.0890890238888889,0.0233333333333333
"319",400,0.15,0.130207720944444,0.0166666666666667
"320",400,0.2,0.171936688388889,0.0166666666666667
"321",400,0.25,0.209937663222222,0.0233333333333333
"322",400,0.3,0.254911768555556,0.00666666666666667
"323",400,0.35,0.302685371833333,0.02
"324",400,0.4,0.325414563944444,0.0133333333333333
"325",400,0.45,0.359230288944444,0.01
"326",400,0.5,0.3902543525,0.01
"327",400,0.55,0.411855531555556,0.01
"328",400,0.6,0.432735619222222,0.0166666666666667
"329",400,0.65,0.458552834722222,0.0233333333333333
"330",400,0.7,0.513632138333333,0.02
"331",400,0.75,0.516136978277778,0.02
"332",400,0.8,0.544572084944444,0.0166666666666667
"333",400,0.85,0.586499946444444,0.0133333333333333
"334",400,0.9,0.574615747444444,0.03
"335",400,0.95,0.599912494722222,0.0133333333333333
"336",400,1,0.619347054666667,0.01
"337",425,0,0,0.00666666666666667
"338",425,0.05,0.0479420594444444,0.01
"339",425,0.1,0.0948474185,0.0166666666666667
"340",425,0.15,0.135888084222222,0.0133333333333333
"341",425,0.2,0.176828027111111,0.00666666666666667
"342",425,0.25,0.210261021277778,0.00333333333333333
"343",425,0.3,0.253174792777778,0.0133333333333333
"344",425,0.35,0.290990874944444,0.0133333333333333
"345",425,0.4,0.317268972277778,0.0166666666666667
"346",425,0.45,0.354030153611111,0.0166666666666667
"347",425,0.5,0.380834467111111,0.01
"348",425,0.55,0.412041584222222,0.0133333333333333
"349",425,0.6,0.447815867777778,0.00666666666666667
"350",425,0.65,0.478380370111111,0.00666666666666667
"351",425,0.7,0.494470521777778,0.00666666666666667
"352",425,0.75,0.524091059277778,0.00333333333333333
"353",425,0.8,0.586980981833333,0.00333333333333333
"354",425,0.85,0.583550071833333,0.00333333333333333
"355",425,0.9,0.590623213444444,0.0133333333333333
"356",425,0.95,0.633709184722222,0.00333333333333333
"357",425,1,0.611718798888889,0.0166666666666667
"358",450,0,0,0.00333333333333333
"359",450,0.05,0.0460726833333333,0.01
"360",450,0.1,0.0949004981666667,NA
"361",450,0.15,0.136917405277778,0.00666666666666667
"362",450,0.2,0.186576622611111,0.00666666666666667
"363",450,0.25,0.214497727111111,0.0133333333333333
"364",450,0.3,0.251071745944444,0.00333333333333333
"365",450,0.35,0.290866227944444,0.00666666666666667
"366",450,0.4,0.323677855611111,0.00333333333333333
"367",450,0.45,0.362162601333333,0.00333333333333333
"368",450,0.5,0.398855172,0.00333333333333333
"369",450,0.55,0.419065782555556,0.00333333333333333
"370",450,0.6,0.4374511,0.01
"371",450,0.65,0.471832501611111,NA
"372",450,0.7,0.5033283325,0.00666666666666667
"373",450,0.75,0.530920517277778,NA
"374",450,0.8,0.539488798166667,0.00666666666666667
"375",450,0.85,0.572910659222222,0.00666666666666667
"376",450,0.9,0.582170835944444,0.00333333333333333
"377",450,0.95,0.609935131555556,NA
"378",450,1,0.627750483222222,0.00333333333333333
"379",475,0,0,0.00333333333333333
"380",475,0.05,0.0487374088888889,NA
"381",475,0.1,0.100959961111111,0.00333333333333333
"382",475,0.15,0.141249929,NA
"383",475,0.2,0.173844968944444,0.00333333333333333
"384",475,0.25,0.225634293166667,0.00333333333333333
"385",475,0.3,0.258198769444444,0.00333333333333333
"386",475,0.35,0.298070197888889,NA
"387",475,0.4,0.330034881944444,0.00666666666666667
"388",475,0.45,0.362253087833333,0.00333333333333333
"389",475,0.5,0.386365454888889,0.00666666666666667
"390",475,0.55,0.418965302666667,NA
"391",475,0.6,0.4413385695,NA
"392",475,0.65,0.467876623166667,0.00333333333333333
"393",475,0.7,0.489977954388889,0.0133333333333333
"394",475,0.75,0.5252218955,0.00333333333333333
"395",475,0.8,0.545040651555556,0.00333333333333333
"396",475,0.85,0.574257023611111,NA
"397",475,0.9,0.590370788555556,0.00666666666666667
"398",475,0.95,0.593131695555556,0.00666666666666667
"399",475,1,0.619885519888889,0.00333333333333333
"400",500,0,0,NA
"401",500,0.05,0.0489707799444444,0.00333333333333333
"402",500,0.1,0.0931652283333333,NA
"403",500,0.15,0.137423525222222,0.00333333333333333
"404",500,0.2,0.174084849,NA
"405",500,0.25,0.210990781833333,NA
"406",500,0.3,0.258338543777778,0.01
"407",500,0.35,0.286428174333333,0.00666666666666667
"408",500,0.4,0.327262537222222,0.00333333333333333
"409",500,0.45,0.354708245666667,0.00666666666666667
"410",500,0.5,0.388377871611111,0.00666666666666667
"411",500,0.55,0.418248643277778,0.00333333333333333
"412",500,0.6,0.448898390166667,0.00333333333333333
"413",500,0.65,0.472834547277778,0.00333333333333333
"414",500,0.7,0.501865006,0.00333333333333333
"415",500,0.75,0.517272056888889,0.00333333333333333
"416",500,0.8,0.550790125777778,0.00333333333333333
"417",500,0.85,0.575605315555556,NA
"418",500,0.9,0.583377887611111,0.01
"419",500,0.95,0.600686446055556,NA
"420",500,1,0.617267589555556,0.00333333333333333
"421",525,0,0,0.00333333333333333
"422",525,0.05,0.0470351977777778,0.00333333333333333
"423",525,0.1,0.0924037048888889,0.00333333333333333
"424",525,0.15,0.141197102777778,0.00333333333333333
"425",525,0.2,0.182364229888889,0.00333333333333333
"426",525,0.25,0.223215982,NA
"427",525,0.3,0.253005213611111,0.00333333333333333
"428",525,0.35,0.287912774666667,NA
"429",525,0.4,0.326696620611111,NA
"430",525,0.45,0.3638145205,NA
"431",525,0.5,0.387991036333333,NA
"432",525,0.55,0.425258596722222,NA
"433",525,0.6,0.452120309944444,NA
"434",525,0.65,0.477467565666667,0.00666666666666667
"435",525,0.7,0.494951936888889,NA
"436",525,0.75,0.514583959555556,NA
"437",525,0.8,0.546130078333333,0.00666666666666667
"438",525,0.85,0.629251891388889,0.00333333333333333
"439",525,0.9,0.590455490444444,NA
"440",525,0.95,0.6094645735,NA
"441",525,1,0.627715315222222,NA
"442",550,0,0,NA
"443",550,0.05,0.0484067739444444,NA
"444",550,0.1,0.0968784622222222,NA
"445",550,0.15,0.136955404444444,NA
"446",550,0.2,0.177393501555556,0.00333333333333333
"447",550,0.25,0.220400206611111,NA
"448",550,0.3,0.257650381944444,0.00333333333333333
"449",550,0.35,0.291352374277778,NA
"450",550,0.4,0.335629760444444,0.00333333333333333
"451",550,0.45,0.359065816388889,NA
"452",550,0.5,0.382831727277778,0.00666666666666667
"453",550,0.55,0.419537042944444,NA
"454",550,0.6,0.453954787111111,NA
"455",550,0.65,0.468785852666667,0.00666666666666667
"456",550,0.7,0.496750936055556,NA
"457",550,0.75,0.536195225777778,0.00333333333333333
"458",550,0.8,0.540334997722222,0.00333333333333333
"459",550,0.85,0.562437807111111,0.00333333333333333
"460",550,0.9,0.591458635333333,NA
"461",550,0.95,0.598735302722222,0.00333333333333333
"462",550,1,0.626146411,0.00333333333333333
"463",575,0,0,0.00333333333333333
"464",575,0.05,0.0494860561111111,NA
"465",575,0.1,0.0940754322222222,0.01
"466",575,0.15,0.140955231666667,NA
"467",575,0.2,0.179750634388889,NA
"468",575,0.25,0.214051107611111,0.00333333333333333
"469",575,0.3,0.253332684333333,0.00666666666666667
"470",575,0.35,0.288660481,NA
"471",575,0.4,0.321603504222222,0.00666666666666667
"472",575,0.45,0.365181857333333,NA
"473",575,0.5,0.394642523,0.00666666666666667
"474",575,0.55,0.4159783115,0.01
"475",575,0.6,0.448037515222222,NA
"476",575,0.65,0.475417670055556,NA
"477",575,0.7,0.499831028388889,0.00333333333333333
"478",575,0.75,0.520976131111111,0.00333333333333333
"479",575,0.8,0.537932373888889,0.00333333333333333
"480",575,0.85,0.562867543833333,NA
"481",575,0.9,0.585497250722222,NA
"482",575,0.95,0.610600383388889,NA
"483",575,1,0.634898977388889,NA
"484",600,0,0,NA
"485",600,0.05,0.0458609161111111,NA
"486",600,0.1,0.0920404657777778,0.00666666666666667
"487",600,0.15,0.131173111277778,0.00333333333333333
"488",600,0.2,0.180460743,NA
"489",600,0.25,0.217976980055556,NA
"490",600,0.3,0.259405423444444,NA
"491",600,0.35,0.302425152166667,0.00333333333333333
"492",600,0.4,0.323357891,NA
"493",600,0.45,0.358200073888889,0.00333333333333333
"494",600,0.5,0.396274228777778,NA
"495",600,0.55,0.419853243166667,NA
"496",600,0.6,0.446964928833333,0.00333333333333333
"497",600,0.65,0.4727654785,NA
"498",600,0.7,0.495905217944444,NA
"499",600,0.75,0.526992919444444,0.00333333333333333
"500",600,0.8,0.554623757777778,NA
"501",600,0.85,0.579585354222222,NA
"502",600,0.9,0.5913046725,0.00333333333333333
"503",600,0.95,0.611144563111111,NA
"504",600,1,0.627267974222222,NA
"505",625,0,0,NA
"506",625,0.05,0.0442808266666667,NA
"507",625,0.1,0.0961244053888889,0.00333333333333333
"508",625,0.15,0.135366346833333,0.00333333333333333
"509",625,0.2,0.184001941833333,0.00333333333333333
"510",625,0.25,0.221684595611111,0.00333333333333333
"511",625,0.3,0.253357677611111,NA
"512",625,0.35,0.296109101555556,NA
"513",625,0.4,0.326444628888889,0.00333333333333333
"514",625,0.45,0.349224682166667,0.00333333333333333
"515",625,0.5,0.400892546611111,0.00333333333333333
"516",625,0.55,0.419174879888889,NA
"517",625,0.6,0.447988463888889,0.00333333333333333
"518",625,0.65,0.474222169055556,NA
"519",625,0.7,0.498962217944444,NA
"520",625,0.75,0.527397198,NA
"521",625,0.8,0.549888497,NA
"522",625,0.85,0.560229446833333,NA
"523",625,0.9,0.586174011611111,NA
"524",625,0.95,0.610460937388889,NA
"525",625,1,0.627301317,NA
"526",650,0,0,NA
"527",650,0.05,0.0530154911111111,NA
"528",650,0.1,0.0997079007222222,0.00333333333333333
"529",650,0.15,0.134128019388889,NA
"530",650,0.2,0.175581482777778,NA
"531",650,0.25,0.220763782444444,NA
"532",650,0.3,0.261950803722222,NA
"533",650,0.35,0.289024762055556,NA
"534",650,0.4,0.325267191611111,0.00333333333333333
"535",650,0.45,0.353844996166667,NA
"536",650,0.5,0.389762599611111,0.00333333333333333
"537",650,0.55,0.415542913277778,NA
"538",650,0.6,0.446131484111111,NA
"539",650,0.65,0.475159956777778,NA
"540",650,0.7,0.497785800277778,NA
"541",650,0.75,0.525346707944444,0.00333333333333333
"542",650,0.8,0.551448591388889,NA
"543",650,0.85,0.569020849833333,NA
"544",650,0.9,0.587632534611111,NA
"545",650,0.95,0.609174353055556,NA
"546",650,1,0.631335506722222,NA
"547",675,0,0,NA
"548",675,0.05,0.0480251212777778,NA
"549",675,0.1,0.0937152749444444,NA
"550",675,0.15,0.139101166388889,NA
"551",675,0.2,0.178031900777778,NA
"552",675,0.25,0.220582982277778,NA
"553",675,0.3,0.260605605611111,NA
"554",675,0.35,0.290535785222222,NA
"555",675,0.4,0.330016837222222,NA
"556",675,0.45,0.364354188833333,NA
"557",675,0.5,0.384954447,NA
"558",675,0.55,0.423380663888889,NA
"559",675,0.6,0.440356117388889,0.00333333333333333
"560",675,0.65,0.4785123715,NA
"561",675,0.7,0.501307460888889,NA
"562",675,0.75,0.518702440777778,NA
"563",675,0.8,0.555483374944444,NA
"564",675,0.85,0.567078355944444,NA
"565",675,0.9,0.592193760222222,NA
"566",675,0.95,0.604665840666667,0.00333333333333333
"567",675,1,0.627743776666667,NA
"568",700,0,0,NA
"569",700,0.05,0.0487609444444444,NA
"570",700,0.1,0.09419008,NA
"571",700,0.15,0.137637282277778,NA
"572",700,0.2,0.184207337055556,NA
"573",700,0.25,0.219550656277778,NA
"574",700,0.3,0.254576151277778,0.00333333333333333
"575",700,0.35,0.292146055444444,NA
"576",700,0.4,0.325209365555556,NA
"577",700,0.45,0.367842097611111,NA
"578",700,0.5,0.384769517111111,NA
"579",700,0.55,0.418465707333333,NA
"580",700,0.6,0.448938153555556,NA
"581",700,0.65,0.479998346611111,NA
"582",700,0.7,0.5005416095,NA
"583",700,0.75,0.520861668277778,NA
"584",700,0.8,0.555725015388889,NA
"585",700,0.85,0.57458207,NA
"586",700,0.9,0.586757555722222,NA
"587",700,0.95,0.607670844444444,NA
"588",700,1,0.637761141444444,NA
"589",725,0,0,NA
"590",725,0.05,0.0489854561666667,NA
"591",725,0.1,0.0944599606111111,NA
"592",725,0.15,0.138057194555556,NA
"593",725,0.2,0.180414749888889,0.00333333333333333
"594",725,0.25,0.217773341277778,NA
"595",725,0.3,0.254016541666667,NA
"596",725,0.35,0.287214127388889,NA
"597",725,0.4,0.323355275444444,NA
"598",725,0.45,0.357722189833333,NA
"599",725,0.5,0.390790649833333,NA
"600",725,0.55,0.412146997555556,0.00333333333333333
"601",725,0.6,0.456469107222222,0.00333333333333333
"602",725,0.65,0.469500190388889,NA
"603",725,0.7,0.501934143944444,NA
"604",725,0.75,0.523636182611111,NA
"605",725,0.8,0.544390744166667,NA
"606",725,0.85,0.569115883055556,NA
"607",725,0.9,0.586753764111111,NA
"608",725,0.95,0.621323513444444,NA
"609",725,1,0.636599534777778,NA
"610",750,0,0,NA
"611",750,0.05,0.0474609344444444,NA
"612",750,0.1,0.0957664788888889,NA
"613",750,0.15,0.134566373055556,NA
"614",750,0.2,0.179710792611111,NA
"615",750,0.25,0.222849264611111,0.00333333333333333
"616",750,0.3,0.258523377666667,NA
"617",750,0.35,0.295948447388889,0.00333333333333333
"618",750,0.4,0.328389030944444,NA
"619",750,0.45,0.3568414635,NA
"620",750,0.5,0.390236329444444,NA
"621",750,0.55,0.417072755777778,NA
"622",750,0.6,0.450292743277778,NA
"623",750,0.65,0.480782707111111,NA
"624",750,0.7,0.505216934888889,NA
"625",750,0.75,0.528120957333333,NA
"626",750,0.8,0.544494913166667,NA
"627",750,0.85,0.569792361888889,NA
"628",750,0.9,0.591438186777778,NA
"629",750,0.95,0.613282844111111,NA
"630",750,1,0.631770093944444,NA
