"size","pct_hunt","panel","level","prev_ratio"
83.3333333333333,0,"Initial prevalence","low",0
83.3333333333333,0,"Initial prevalence","med",0
83.3333333333333,0,"Initial prevalence","high",0
83.3333333333333,0.0555555555555556,"Initial prevalence","low",0.053362505
83.3333333333333,0.0555555555555556,"Initial prevalence","med",0.0516515566666667
83.3333333333333,0.0555555555555556,"Initial prevalence","high",0.051352765
83.3333333333333,0.111111111111111,"Initial prevalence","low",0.109136631666667
83.3333333333333,0.111111111111111,"Initial prevalence","med",0.107876114
83.3333333333333,0.111111111111111,"Initial prevalence","high",0.100645561166667
83.3333333333333,0.166666666666667,"Initial prevalence","low",0.148012521333333
83.3333333333333,0.166666666666667,"Initial prevalence","med",0.139609318833333
83.3333333333333,0.166666666666667,"Initial prevalence","high",0.143452858333333
83.3333333333333,0.222222222222222,"Initial prevalence","low",0.199811195333333
83.3333333333333,0.222222222222222,"Initial prevalence","med",0.195538894833333
83.3333333333333,0.222222222222222,"Initial prevalence","high",0.199505192166667
83.3333333333333,0.277777777777778,"Initial prevalence","low",0.243669881333333
83.3333333333333,0.277777777777778,"Initial prevalence","med",0.232096850666667
83.3333333333333,0.277777777777778,"Initial prevalence","high",0.244848284
83.3333333333333,0.333333333333333,"Initial prevalence","low",0.287004935833333
83.3333333333333,0.333333333333333,"Initial prevalence","med",0.275933835666667
83.3333333333333,0.333333333333333,"Initial prevalence","high",0.285753135666667
83.3333333333333,0.388888888888889,"Initial prevalence","low",0.3227880315
83.3333333333333,0.388888888888889,"Initial prevalence","med",0.298187991666667
83.3333333333333,0.388888888888889,"Initial prevalence","high",0.316233390166667
83.3333333333333,0.444444444444444,"Initial prevalence","low",0.358543751833333
83.3333333333333,0.444444444444444,"Initial prevalence","med",0.358048584
83.3333333333333,0.444444444444444,"Initial prevalence","high",0.350331649666667
83.3333333333333,0.5,"Initial prevalence","low",0.400691925333333
83.3333333333333,0.5,"Initial prevalence","med",0.388072010333333
83.3333333333333,0.5,"Initial prevalence","high",0.381457989333333
166.666666666667,0,"Initial prevalence","low",0
166.666666666667,0,"Initial prevalence","med",0
166.666666666667,0,"Initial prevalence","high",0
166.666666666667,0.0555555555555556,"Initial prevalence","low",0.0609677683333333
166.666666666667,0.0555555555555556,"Initial prevalence","med",0.05118023
166.666666666667,0.0555555555555556,"Initial prevalence","high",0.0532192816666667
166.666666666667,0.111111111111111,"Initial prevalence","low",0.1021343085
166.666666666667,0.111111111111111,"Initial prevalence","med",0.106852503333333
166.666666666667,0.111111111111111,"Initial prevalence","high",0.102303192333333
166.666666666667,0.166666666666667,"Initial prevalence","low",0.156228033166667
166.666666666667,0.166666666666667,"Initial prevalence","med",0.141908708333333
166.666666666667,0.166666666666667,"Initial prevalence","high",0.159017942666667
166.666666666667,0.222222222222222,"Initial prevalence","low",0.185840423666667
166.666666666667,0.222222222222222,"Initial prevalence","med",0.191208931
166.666666666667,0.222222222222222,"Initial prevalence","high",0.203118556833333
166.666666666667,0.277777777777778,"Initial prevalence","low",0.2461945475
166.666666666667,0.277777777777778,"Initial prevalence","med",0.241575253666667
166.666666666667,0.277777777777778,"Initial prevalence","high",0.244707276
166.666666666667,0.333333333333333,"Initial prevalence","low",0.282291185666667
166.666666666667,0.333333333333333,"Initial prevalence","med",0.289551928166667
166.666666666667,0.333333333333333,"Initial prevalence","high",0.279544754166667
166.666666666667,0.388888888888889,"Initial prevalence","low",0.323191761333333
166.666666666667,0.388888888888889,"Initial prevalence","med",0.314391336166667
166.666666666667,0.388888888888889,"Initial prevalence","high",0.320797714833333
166.666666666667,0.444444444444444,"Initial prevalence","low",0.353907557
166.666666666667,0.444444444444444,"Initial prevalence","med",0.368709114166667
166.666666666667,0.444444444444444,"Initial prevalence","high",0.363265894833333
166.666666666667,0.5,"Initial prevalence","low",0.391997041666667
166.666666666667,0.5,"Initial prevalence","med",0.398721657333333
166.666666666667,0.5,"Initial prevalence","high",0.382190550333333
250,0,"Initial prevalence","low",0
250,0,"Initial prevalence","med",0
250,0,"Initial prevalence","high",0
250,0.0555555555555556,"Initial prevalence","low",0.0582860933333333
250,0.0555555555555556,"Initial prevalence","med",0.0527204983333333
250,0.0555555555555556,"Initial prevalence","high",0.0523757663333333
250,0.111111111111111,"Initial prevalence","low",0.108550246166667
250,0.111111111111111,"Initial prevalence","med",0.104682108333333
250,0.111111111111111,"Initial prevalence","high",0.1069665135
250,0.166666666666667,"Initial prevalence","low",0.158844761
250,0.166666666666667,"Initial prevalence","med",0.161831966166667
250,0.166666666666667,"Initial prevalence","high",0.153227424666667
250,0.222222222222222,"Initial prevalence","low",0.194868240166667
250,0.222222222222222,"Initial prevalence","med",0.2005627265
250,0.222222222222222,"Initial prevalence","high",0.194654369333333
250,0.277777777777778,"Initial prevalence","low",0.244344699166667
250,0.277777777777778,"Initial prevalence","med",0.236598863333333
250,0.277777777777778,"Initial prevalence","high",0.236509364833333
250,0.333333333333333,"Initial prevalence","low",0.273785614
250,0.333333333333333,"Initial prevalence","med",0.279650326
250,0.333333333333333,"Initial prevalence","high",0.277499896833333
250,0.388888888888889,"Initial prevalence","low",0.320159487333333
250,0.388888888888889,"Initial prevalence","med",0.321451122833333
250,0.388888888888889,"Initial prevalence","high",0.329888501833333
250,0.444444444444444,"Initial prevalence","low",0.350244114666667
250,0.444444444444444,"Initial prevalence","med",0.359986761333333
250,0.444444444444444,"Initial prevalence","high",0.354256201
250,0.5,"Initial prevalence","low",0.388929301
250,0.5,"Initial prevalence","med",0.393042769166667
250,0.5,"Initial prevalence","high",0.3877067085
333.333333333333,0,"Initial prevalence","low",0
333.333333333333,0,"Initial prevalence","med",0
333.333333333333,0,"Initial prevalence","high",0
333.333333333333,0.0555555555555556,"Initial prevalence","low",0.0553321866666667
333.333333333333,0.0555555555555556,"Initial prevalence","med",0.054825843
333.333333333333,0.0555555555555556,"Initial prevalence","high",0.0534077033333333
333.333333333333,0.111111111111111,"Initial prevalence","low",0.101204841666667
333.333333333333,0.111111111111111,"Initial prevalence","med",0.108970030333333
333.333333333333,0.111111111111111,"Initial prevalence","high",0.115136816666667
333.333333333333,0.166666666666667,"Initial prevalence","low",0.152686574666667
333.333333333333,0.166666666666667,"Initial prevalence","med",0.148534837166667
333.333333333333,0.166666666666667,"Initial prevalence","high",0.156659437
333.333333333333,0.222222222222222,"Initial prevalence","low",0.196394928333333
333.333333333333,0.222222222222222,"Initial prevalence","med",0.200347804
333.333333333333,0.222222222222222,"Initial prevalence","high",0.206762140833333
333.333333333333,0.277777777777778,"Initial prevalence","low",0.2394332625
333.333333333333,0.277777777777778,"Initial prevalence","med",0.245606256666667
333.333333333333,0.277777777777778,"Initial prevalence","high",0.240744832833333
333.333333333333,0.333333333333333,"Initial prevalence","low",0.286187930666667
333.333333333333,0.333333333333333,"Initial prevalence","med",0.274231070333333
333.333333333333,0.333333333333333,"Initial prevalence","high",0.281277551333333
333.333333333333,0.388888888888889,"Initial prevalence","low",0.313297431666667
333.333333333333,0.388888888888889,"Initial prevalence","med",0.3202145055
333.333333333333,0.388888888888889,"Initial prevalence","high",0.328278478833333
333.333333333333,0.444444444444444,"Initial prevalence","low",0.36489131
333.333333333333,0.444444444444444,"Initial prevalence","med",0.356792831666667
333.333333333333,0.444444444444444,"Initial prevalence","high",0.355640784166667
333.333333333333,0.5,"Initial prevalence","low",0.398917085666667
333.333333333333,0.5,"Initial prevalence","med",0.384125964333333
333.333333333333,0.5,"Initial prevalence","high",0.396153566
416.666666666667,0,"Initial prevalence","low",0
416.666666666667,0,"Initial prevalence","med",0
416.666666666667,0,"Initial prevalence","high",0
416.666666666667,0.0555555555555556,"Initial prevalence","low",0.0492987016666667
416.666666666667,0.0555555555555556,"Initial prevalence","med",0.0593468966666667
416.666666666667,0.0555555555555556,"Initial prevalence","high",0.0545610116666667
416.666666666667,0.111111111111111,"Initial prevalence","low",0.107879358333333
416.666666666667,0.111111111111111,"Initial prevalence","med",0.0989737283333333
416.666666666667,0.111111111111111,"Initial prevalence","high",0.0995021616666667
416.666666666667,0.166666666666667,"Initial prevalence","low",0.154232797
416.666666666667,0.166666666666667,"Initial prevalence","med",0.151118782333333
416.666666666667,0.166666666666667,"Initial prevalence","high",0.151188126666667
416.666666666667,0.222222222222222,"Initial prevalence","low",0.199627402
416.666666666667,0.222222222222222,"Initial prevalence","med",0.207172088666667
416.666666666667,0.222222222222222,"Initial prevalence","high",0.196240863333333
416.666666666667,0.277777777777778,"Initial prevalence","low",0.242730624166667
416.666666666667,0.277777777777778,"Initial prevalence","med",0.241388510833333
416.666666666667,0.277777777777778,"Initial prevalence","high",0.244273570166667
416.666666666667,0.333333333333333,"Initial prevalence","low",0.282522965
416.666666666667,0.333333333333333,"Initial prevalence","med",0.284297765833333
416.666666666667,0.333333333333333,"Initial prevalence","high",0.280429861166667
416.666666666667,0.388888888888889,"Initial prevalence","low",0.327900872166667
416.666666666667,0.388888888888889,"Initial prevalence","med",0.3154690755
416.666666666667,0.388888888888889,"Initial prevalence","high",0.313351160666667
416.666666666667,0.444444444444444,"Initial prevalence","low",0.354669508166667
416.666666666667,0.444444444444444,"Initial prevalence","med",0.360311006
416.666666666667,0.444444444444444,"Initial prevalence","high",0.353638616166667
416.666666666667,0.5,"Initial prevalence","low",0.389286582166667
416.666666666667,0.5,"Initial prevalence","med",0.381693381666667
416.666666666667,0.5,"Initial prevalence","high",0.388317358166667
500,0,"Initial prevalence","low",0
500,0,"Initial prevalence","med",0
500,0,"Initial prevalence","high",0
500,0.0555555555555556,"Initial prevalence","low",0.0527744666666667
500,0.0555555555555556,"Initial prevalence","med",0.0542732433333333
500,0.0555555555555556,"Initial prevalence","high",0.0532048833333333
500,0.111111111111111,"Initial prevalence","low",0.103714705
500,0.111111111111111,"Initial prevalence","med",0.100260046666667
500,0.111111111111111,"Initial prevalence","high",0.105531936666667
500,0.166666666666667,"Initial prevalence","low",0.145011792833333
500,0.166666666666667,"Initial prevalence","med",0.148301702666667
500,0.166666666666667,"Initial prevalence","high",0.148970063333333
500,0.222222222222222,"Initial prevalence","low",0.1921514975
500,0.222222222222222,"Initial prevalence","med",0.197990522833333
500,0.222222222222222,"Initial prevalence","high",0.191566083333333
500,0.277777777777778,"Initial prevalence","low",0.238303854166667
500,0.277777777777778,"Initial prevalence","med",0.230336827
500,0.277777777777778,"Initial prevalence","high",0.244332828333333
500,0.333333333333333,"Initial prevalence","low",0.2853725105
500,0.333333333333333,"Initial prevalence","med",0.284229130833333
500,0.333333333333333,"Initial prevalence","high",0.289171845833333
500,0.388888888888889,"Initial prevalence","low",0.316983701166667
500,0.388888888888889,"Initial prevalence","med",0.324299461
500,0.388888888888889,"Initial prevalence","high",0.321231243833333
500,0.444444444444444,"Initial prevalence","low",0.371187437166667
500,0.444444444444444,"Initial prevalence","med",0.350159034
500,0.444444444444444,"Initial prevalence","high",0.350356469333333
500,0.5,"Initial prevalence","low",0.389342334333333
500,0.5,"Initial prevalence","med",0.391511276
500,0.5,"Initial prevalence","high",0.3897173745
583.333333333333,0,"Initial prevalence","low",0
583.333333333333,0,"Initial prevalence","med",0
583.333333333333,0,"Initial prevalence","high",0
583.333333333333,0.0555555555555556,"Initial prevalence","low",0.0557089866666667
583.333333333333,0.0555555555555556,"Initial prevalence","med",0.0545469
583.333333333333,0.0555555555555556,"Initial prevalence","high",0.0535079566666667
583.333333333333,0.111111111111111,"Initial prevalence","low",0.09847603
583.333333333333,0.111111111111111,"Initial prevalence","med",0.111287763333333
583.333333333333,0.111111111111111,"Initial prevalence","high",0.10617451
583.333333333333,0.166666666666667,"Initial prevalence","low",0.1475969125
583.333333333333,0.166666666666667,"Initial prevalence","med",0.159826985166667
583.333333333333,0.166666666666667,"Initial prevalence","high",0.14735416
583.333333333333,0.222222222222222,"Initial prevalence","low",0.1941969015
583.333333333333,0.222222222222222,"Initial prevalence","med",0.197628354
583.333333333333,0.222222222222222,"Initial prevalence","high",0.190266091
583.333333333333,0.277777777777778,"Initial prevalence","low",0.238129271166667
583.333333333333,0.277777777777778,"Initial prevalence","med",0.234314271
583.333333333333,0.277777777777778,"Initial prevalence","high",0.250232653333333
583.333333333333,0.333333333333333,"Initial prevalence","low",0.2733343965
583.333333333333,0.333333333333333,"Initial prevalence","med",0.287966665833333
583.333333333333,0.333333333333333,"Initial prevalence","high",0.283264709666667
583.333333333333,0.388888888888889,"Initial prevalence","low",0.319082125333333
583.333333333333,0.388888888888889,"Initial prevalence","med",0.321947471
583.333333333333,0.388888888888889,"Initial prevalence","high",0.327427505
583.333333333333,0.444444444444444,"Initial prevalence","low",0.3645878015
583.333333333333,0.444444444444444,"Initial prevalence","med",0.363713562333333
583.333333333333,0.444444444444444,"Initial prevalence","high",0.359865671666667
583.333333333333,0.5,"Initial prevalence","low",0.395948478
583.333333333333,0.5,"Initial prevalence","med",0.395255552
583.333333333333,0.5,"Initial prevalence","high",0.3821504725
666.666666666667,0,"Initial prevalence","low",0
666.666666666667,0,"Initial prevalence","med",0
666.666666666667,0,"Initial prevalence","high",0
666.666666666667,0.0555555555555556,"Initial prevalence","low",0.057473945
666.666666666667,0.0555555555555556,"Initial prevalence","med",0.0488696083333333
666.666666666667,0.0555555555555556,"Initial prevalence","high",0.054680325
666.666666666667,0.111111111111111,"Initial prevalence","low",0.102840893166667
666.666666666667,0.111111111111111,"Initial prevalence","med",0.104457098333333
666.666666666667,0.111111111111111,"Initial prevalence","high",0.104525718333333
666.666666666667,0.166666666666667,"Initial prevalence","low",0.153461023333333
666.666666666667,0.166666666666667,"Initial prevalence","med",0.16378231
666.666666666667,0.166666666666667,"Initial prevalence","high",0.152171966666667
666.666666666667,0.222222222222222,"Initial prevalence","low",0.2075417755
666.666666666667,0.222222222222222,"Initial prevalence","med",0.1906794445
666.666666666667,0.222222222222222,"Initial prevalence","high",0.193182623333333
666.666666666667,0.277777777777778,"Initial prevalence","low",0.236322656
666.666666666667,0.277777777777778,"Initial prevalence","med",0.240898182333333
666.666666666667,0.277777777777778,"Initial prevalence","high",0.240510493333333
666.666666666667,0.333333333333333,"Initial prevalence","low",0.2865956165
666.666666666667,0.333333333333333,"Initial prevalence","med",0.281354186166667
666.666666666667,0.333333333333333,"Initial prevalence","high",0.289842233333333
666.666666666667,0.388888888888889,"Initial prevalence","low",0.3095425605
666.666666666667,0.388888888888889,"Initial prevalence","med",0.326231787166667
666.666666666667,0.388888888888889,"Initial prevalence","high",0.319203505
666.666666666667,0.444444444444444,"Initial prevalence","low",0.348755017166667
666.666666666667,0.444444444444444,"Initial prevalence","med",0.354823574333333
666.666666666667,0.444444444444444,"Initial prevalence","high",0.367508128333333
666.666666666667,0.5,"Initial prevalence","low",0.3893836115
666.666666666667,0.5,"Initial prevalence","med",0.379592748833333
666.666666666667,0.5,"Initial prevalence","high",0.404184088333333
750,0,"Initial prevalence","low",0
750,0,"Initial prevalence","med",0
750,0,"Initial prevalence","high",0
750,0.0555555555555556,"Initial prevalence","low",0.0526944816666667
750,0.0555555555555556,"Initial prevalence","med",0.0556421416666667
750,0.0555555555555556,"Initial prevalence","high",0.0525
750,0.111111111111111,"Initial prevalence","low",0.0910146583333333
750,0.111111111111111,"Initial prevalence","med",0.0980505221666667
750,0.111111111111111,"Initial prevalence","high",0.105666811666667
750,0.166666666666667,"Initial prevalence","low",0.15543697
750,0.166666666666667,"Initial prevalence","med",0.151220966833333
750,0.166666666666667,"Initial prevalence","high",0.155674135
750,0.222222222222222,"Initial prevalence","low",0.201118606166667
750,0.222222222222222,"Initial prevalence","med",0.194900905
750,0.222222222222222,"Initial prevalence","high",0.206013158333333
750,0.277777777777778,"Initial prevalence","low",0.242426084333333
750,0.277777777777778,"Initial prevalence","med",0.242039389166667
750,0.277777777777778,"Initial prevalence","high",0.244167653333333
750,0.333333333333333,"Initial prevalence","low",0.287948259
750,0.333333333333333,"Initial prevalence","med",0.279846645166667
750,0.333333333333333,"Initial prevalence","high",0.281187028333333
750,0.388888888888889,"Initial prevalence","low",0.3213078095
750,0.388888888888889,"Initial prevalence","med",0.319921027
750,0.388888888888889,"Initial prevalence","high",0.327506586666667
750,0.444444444444444,"Initial prevalence","low",0.351212123833333
750,0.444444444444444,"Initial prevalence","med",0.348359136333333
750,0.444444444444444,"Initial prevalence","high",0.361014718333333
750,0.5,"Initial prevalence","low",0.396917693166667
750,0.5,"Initial prevalence","med",0.402543678833333
750,0.5,"Initial prevalence","high",0.389333758333333
83.3333333333333,0,"Contact rate (ϕ)","low",0
83.3333333333333,0,"Contact rate (ϕ)","med",0
83.3333333333333,0,"Contact rate (ϕ)","high",0
83.3333333333333,0.0555555555555556,"Contact rate (ϕ)","low",0.0485117633333333
83.3333333333333,0.0555555555555556,"Contact rate (ϕ)","med",0.0567545483333333
83.3333333333333,0.0555555555555556,"Contact rate (ϕ)","high",0.0460040166666667
83.3333333333333,0.111111111111111,"Contact rate (ϕ)","low",0.111635795333333
83.3333333333333,0.111111111111111,"Contact rate (ϕ)","med",0.103749823333333
83.3333333333333,0.111111111111111,"Contact rate (ϕ)","high",0.106443597666667
83.3333333333333,0.166666666666667,"Contact rate (ϕ)","low",0.152397546833333
83.3333333333333,0.166666666666667,"Contact rate (ϕ)","med",0.153197272166667
83.3333333333333,0.166666666666667,"Contact rate (ϕ)","high",0.155682434833333
83.3333333333333,0.222222222222222,"Contact rate (ϕ)","low",0.206609389
83.3333333333333,0.222222222222222,"Contact rate (ϕ)","med",0.194762390166667
83.3333333333333,0.222222222222222,"Contact rate (ϕ)","high",0.202622737
83.3333333333333,0.277777777777778,"Contact rate (ϕ)","low",0.239785725
83.3333333333333,0.277777777777778,"Contact rate (ϕ)","med",0.2349443895
83.3333333333333,0.277777777777778,"Contact rate (ϕ)","high",0.248770884666667
83.3333333333333,0.333333333333333,"Contact rate (ϕ)","low",0.290636076
83.3333333333333,0.333333333333333,"Contact rate (ϕ)","med",0.280397060666667
83.3333333333333,0.333333333333333,"Contact rate (ϕ)","high",0.275076493666667
83.3333333333333,0.388888888888889,"Contact rate (ϕ)","low",0.3090922335
83.3333333333333,0.388888888888889,"Contact rate (ϕ)","med",0.311853960166667
83.3333333333333,0.388888888888889,"Contact rate (ϕ)","high",0.315088731666667
83.3333333333333,0.444444444444444,"Contact rate (ϕ)","low",0.354439188
83.3333333333333,0.444444444444444,"Contact rate (ϕ)","med",0.348774326333333
83.3333333333333,0.444444444444444,"Contact rate (ϕ)","high",0.3540982545
83.3333333333333,0.5,"Contact rate (ϕ)","low",0.389014499666667
83.3333333333333,0.5,"Contact rate (ϕ)","med",0.380232193333333
83.3333333333333,0.5,"Contact rate (ϕ)","high",0.375022488166667
166.666666666667,0,"Contact rate (ϕ)","low",0
166.666666666667,0,"Contact rate (ϕ)","med",0
166.666666666667,0,"Contact rate (ϕ)","high",0
166.666666666667,0.0555555555555556,"Contact rate (ϕ)","low",0.0521595533333333
166.666666666667,0.0555555555555556,"Contact rate (ϕ)","med",0.0553875633333333
166.666666666667,0.0555555555555556,"Contact rate (ϕ)","high",0.0527105066666667
166.666666666667,0.111111111111111,"Contact rate (ϕ)","low",0.104568216
166.666666666667,0.111111111111111,"Contact rate (ϕ)","med",0.0980782716666667
166.666666666667,0.111111111111111,"Contact rate (ϕ)","high",0.1139380045
166.666666666667,0.166666666666667,"Contact rate (ϕ)","low",0.146457477166667
166.666666666667,0.166666666666667,"Contact rate (ϕ)","med",0.161974626666667
166.666666666667,0.166666666666667,"Contact rate (ϕ)","high",0.153442405
166.666666666667,0.222222222222222,"Contact rate (ϕ)","low",0.1923417145
166.666666666667,0.222222222222222,"Contact rate (ϕ)","med",0.197676398666667
166.666666666667,0.222222222222222,"Contact rate (ϕ)","high",0.1981143995
166.666666666667,0.277777777777778,"Contact rate (ϕ)","low",0.226398494666667
166.666666666667,0.277777777777778,"Contact rate (ϕ)","med",0.2474728905
166.666666666667,0.277777777777778,"Contact rate (ϕ)","high",0.245570993833333
166.666666666667,0.333333333333333,"Contact rate (ϕ)","low",0.285836350833333
166.666666666667,0.333333333333333,"Contact rate (ϕ)","med",0.2869524515
166.666666666667,0.333333333333333,"Contact rate (ϕ)","high",0.285246148333333
166.666666666667,0.388888888888889,"Contact rate (ϕ)","low",0.3169476415
166.666666666667,0.388888888888889,"Contact rate (ϕ)","med",0.317883694666667
166.666666666667,0.388888888888889,"Contact rate (ϕ)","high",0.314240183833333
166.666666666667,0.444444444444444,"Contact rate (ϕ)","low",0.358530585333333
166.666666666667,0.444444444444444,"Contact rate (ϕ)","med",0.369286134
166.666666666667,0.444444444444444,"Contact rate (ϕ)","high",0.379385671333333
166.666666666667,0.5,"Contact rate (ϕ)","low",0.389856570666667
166.666666666667,0.5,"Contact rate (ϕ)","med",0.400583503
166.666666666667,0.5,"Contact rate (ϕ)","high",0.388569889833333
250,0,"Contact rate (ϕ)","low",0
250,0,"Contact rate (ϕ)","med",0
250,0,"Contact rate (ϕ)","high",0
250,0.0555555555555556,"Contact rate (ϕ)","low",0.049458415
250,0.0555555555555556,"Contact rate (ϕ)","med",0.0509102608333333
250,0.0555555555555556,"Contact rate (ϕ)","high",0.0624098983333333
250,0.111111111111111,"Contact rate (ϕ)","low",0.108275078333333
250,0.111111111111111,"Contact rate (ϕ)","med",0.105192700666667
250,0.111111111111111,"Contact rate (ϕ)","high",0.105228717
250,0.166666666666667,"Contact rate (ϕ)","low",0.153434974333333
250,0.166666666666667,"Contact rate (ϕ)","med",0.154343937666667
250,0.166666666666667,"Contact rate (ϕ)","high",0.150621720833333
250,0.222222222222222,"Contact rate (ϕ)","low",0.198545432333333
250,0.222222222222222,"Contact rate (ϕ)","med",0.199245951166667
250,0.222222222222222,"Contact rate (ϕ)","high",0.19024156
250,0.277777777777778,"Contact rate (ϕ)","low",0.235976474666667
250,0.277777777777778,"Contact rate (ϕ)","med",0.236887547166667
250,0.277777777777778,"Contact rate (ϕ)","high",0.2384446745
250,0.333333333333333,"Contact rate (ϕ)","low",0.276614138333333
250,0.333333333333333,"Contact rate (ϕ)","med",0.275291741666667
250,0.333333333333333,"Contact rate (ϕ)","high",0.279096457333333
250,0.388888888888889,"Contact rate (ϕ)","low",0.329736331833333
250,0.388888888888889,"Contact rate (ϕ)","med",0.307551455
250,0.388888888888889,"Contact rate (ϕ)","high",0.3158815435
250,0.444444444444444,"Contact rate (ϕ)","low",0.354515800166667
250,0.444444444444444,"Contact rate (ϕ)","med",0.352412829666667
250,0.444444444444444,"Contact rate (ϕ)","high",0.356423949666667
250,0.5,"Contact rate (ϕ)","low",0.395366536333333
250,0.5,"Contact rate (ϕ)","med",0.382880231833333
250,0.5,"Contact rate (ϕ)","high",0.387480560666667
333.333333333333,0,"Contact rate (ϕ)","low",0
333.333333333333,0,"Contact rate (ϕ)","med",0
333.333333333333,0,"Contact rate (ϕ)","high",0
333.333333333333,0.0555555555555556,"Contact rate (ϕ)","low",0.0521079416666667
333.333333333333,0.0555555555555556,"Contact rate (ϕ)","med",0.0509875283333333
333.333333333333,0.0555555555555556,"Contact rate (ϕ)","high",0.051071125
333.333333333333,0.111111111111111,"Contact rate (ϕ)","low",0.106752429333333
333.333333333333,0.111111111111111,"Contact rate (ϕ)","med",0.106835738333333
333.333333333333,0.111111111111111,"Contact rate (ϕ)","high",0.0983908756666667
333.333333333333,0.166666666666667,"Contact rate (ϕ)","low",0.154862356666667
333.333333333333,0.166666666666667,"Contact rate (ϕ)","med",0.157131216
333.333333333333,0.166666666666667,"Contact rate (ϕ)","high",0.1485218325
333.333333333333,0.222222222222222,"Contact rate (ϕ)","low",0.1947269655
333.333333333333,0.222222222222222,"Contact rate (ϕ)","med",0.197321682
333.333333333333,0.222222222222222,"Contact rate (ϕ)","high",0.1920684885
333.333333333333,0.277777777777778,"Contact rate (ϕ)","low",0.241245666
333.333333333333,0.277777777777778,"Contact rate (ϕ)","med",0.234649663333333
333.333333333333,0.277777777777778,"Contact rate (ϕ)","high",0.239524166
333.333333333333,0.333333333333333,"Contact rate (ϕ)","low",0.278965344
333.333333333333,0.333333333333333,"Contact rate (ϕ)","med",0.2777399365
333.333333333333,0.333333333333333,"Contact rate (ϕ)","high",0.284567604833333
333.333333333333,0.388888888888889,"Contact rate (ϕ)","low",0.331206817
333.333333333333,0.388888888888889,"Contact rate (ϕ)","med",0.315158732833333
333.333333333333,0.388888888888889,"Contact rate (ϕ)","high",0.323288068166667
333.333333333333,0.444444444444444,"Contact rate (ϕ)","low",0.361218348666667
333.333333333333,0.444444444444444,"Contact rate (ϕ)","med",0.364600015666667
333.333333333333,0.444444444444444,"Contact rate (ϕ)","high",0.363006546333333
333.333333333333,0.5,"Contact rate (ϕ)","low",0.383417731666667
333.333333333333,0.5,"Contact rate (ϕ)","med",0.384772720333333
333.333333333333,0.5,"Contact rate (ϕ)","high",0.388593959833333
416.666666666667,0,"Contact rate (ϕ)","low",0
416.666666666667,0,"Contact rate (ϕ)","med",0
416.666666666667,0,"Contact rate (ϕ)","high",0
416.666666666667,0.0555555555555556,"Contact rate (ϕ)","low",0.0524505683333333
416.666666666667,0.0555555555555556,"Contact rate (ϕ)","med",0.0551062766666667
416.666666666667,0.0555555555555556,"Contact rate (ϕ)","high",0.0562987783333333
416.666666666667,0.111111111111111,"Contact rate (ϕ)","low",0.105361066666667
416.666666666667,0.111111111111111,"Contact rate (ϕ)","med",0.102429898666667
416.666666666667,0.111111111111111,"Contact rate (ϕ)","high",0.1028353045
416.666666666667,0.166666666666667,"Contact rate (ϕ)","low",0.149749707333333
416.666666666667,0.166666666666667,"Contact rate (ϕ)","med",0.146773839833333
416.666666666667,0.166666666666667,"Contact rate (ϕ)","high",0.1502962585
416.666666666667,0.222222222222222,"Contact rate (ϕ)","low",0.195185749
416.666666666667,0.222222222222222,"Contact rate (ϕ)","med",0.193735707
416.666666666667,0.222222222222222,"Contact rate (ϕ)","high",0.203896343833333
416.666666666667,0.277777777777778,"Contact rate (ϕ)","low",0.241698734833333
416.666666666667,0.277777777777778,"Contact rate (ϕ)","med",0.242639203666667
416.666666666667,0.277777777777778,"Contact rate (ϕ)","high",0.236923264333333
416.666666666667,0.333333333333333,"Contact rate (ϕ)","low",0.285623229833333
416.666666666667,0.333333333333333,"Contact rate (ϕ)","med",0.285617320166667
416.666666666667,0.333333333333333,"Contact rate (ϕ)","high",0.289102216
416.666666666667,0.388888888888889,"Contact rate (ϕ)","low",0.312446341
416.666666666667,0.388888888888889,"Contact rate (ϕ)","med",0.325707685333333
416.666666666667,0.388888888888889,"Contact rate (ϕ)","high",0.311493313
416.666666666667,0.444444444444444,"Contact rate (ϕ)","low",0.363822441
416.666666666667,0.444444444444444,"Contact rate (ϕ)","med",0.349875027166667
416.666666666667,0.444444444444444,"Contact rate (ϕ)","high",0.357812317666667
416.666666666667,0.5,"Contact rate (ϕ)","low",0.3946553895
416.666666666667,0.5,"Contact rate (ϕ)","med",0.3906112425
416.666666666667,0.5,"Contact rate (ϕ)","high",0.393636977
500,0,"Contact rate (ϕ)","low",0
500,0,"Contact rate (ϕ)","med",0
500,0,"Contact rate (ϕ)","high",0
500,0.0555555555555556,"Contact rate (ϕ)","low",0.0545378846666667
500,0.0555555555555556,"Contact rate (ϕ)","med",0.0566911333333333
500,0.0555555555555556,"Contact rate (ϕ)","high",0.0594602416666667
500,0.111111111111111,"Contact rate (ϕ)","low",0.11502117
500,0.111111111111111,"Contact rate (ϕ)","med",0.10315673
500,0.111111111111111,"Contact rate (ϕ)","high",0.102787605
500,0.166666666666667,"Contact rate (ϕ)","low",0.152484239833333
500,0.166666666666667,"Contact rate (ϕ)","med",0.150715336666667
500,0.166666666666667,"Contact rate (ϕ)","high",0.15345727
500,0.222222222222222,"Contact rate (ϕ)","low",0.209367399666667
500,0.222222222222222,"Contact rate (ϕ)","med",0.2014560055
500,0.222222222222222,"Contact rate (ϕ)","high",0.196942611333333
500,0.277777777777778,"Contact rate (ϕ)","low",0.238788576833333
500,0.277777777777778,"Contact rate (ϕ)","med",0.2400980885
500,0.277777777777778,"Contact rate (ϕ)","high",0.240748578166667
500,0.333333333333333,"Contact rate (ϕ)","low",0.270841269333333
500,0.333333333333333,"Contact rate (ϕ)","med",0.271321969166667
500,0.333333333333333,"Contact rate (ϕ)","high",0.274307996833333
500,0.388888888888889,"Contact rate (ϕ)","low",0.323024238333333
500,0.388888888888889,"Contact rate (ϕ)","med",0.3122514145
500,0.388888888888889,"Contact rate (ϕ)","high",0.318428285
500,0.444444444444444,"Contact rate (ϕ)","low",0.361346198166667
500,0.444444444444444,"Contact rate (ϕ)","med",0.369430183833333
500,0.444444444444444,"Contact rate (ϕ)","high",0.365964081666667
500,0.5,"Contact rate (ϕ)","low",0.392435520333333
500,0.5,"Contact rate (ϕ)","med",0.385870367333333
500,0.5,"Contact rate (ϕ)","high",0.398116220166667
583.333333333333,0,"Contact rate (ϕ)","low",0
583.333333333333,0,"Contact rate (ϕ)","med",0
583.333333333333,0,"Contact rate (ϕ)","high",0
583.333333333333,0.0555555555555556,"Contact rate (ϕ)","low",0.0517626516666667
583.333333333333,0.0555555555555556,"Contact rate (ϕ)","med",0.05541336
583.333333333333,0.0555555555555556,"Contact rate (ϕ)","high",0.0564534866666667
583.333333333333,0.111111111111111,"Contact rate (ϕ)","low",0.102303861666667
583.333333333333,0.111111111111111,"Contact rate (ϕ)","med",0.10029196
583.333333333333,0.111111111111111,"Contact rate (ϕ)","high",0.1094117265
583.333333333333,0.166666666666667,"Contact rate (ϕ)","low",0.15409842
583.333333333333,0.166666666666667,"Contact rate (ϕ)","med",0.1536807355
583.333333333333,0.166666666666667,"Contact rate (ϕ)","high",0.152563937166667
583.333333333333,0.222222222222222,"Contact rate (ϕ)","low",0.193275617166667
583.333333333333,0.222222222222222,"Contact rate (ϕ)","med",0.202840224
583.333333333333,0.222222222222222,"Contact rate (ϕ)","high",0.1995691165
583.333333333333,0.277777777777778,"Contact rate (ϕ)","low",0.233311210333333
583.333333333333,0.277777777777778,"Contact rate (ϕ)","med",0.241762592666667
583.333333333333,0.277777777777778,"Contact rate (ϕ)","high",0.250417621666667
583.333333333333,0.333333333333333,"Contact rate (ϕ)","low",0.279648425166667
583.333333333333,0.333333333333333,"Contact rate (ϕ)","med",0.2862595755
583.333333333333,0.333333333333333,"Contact rate (ϕ)","high",0.284491804833333
583.333333333333,0.388888888888889,"Contact rate (ϕ)","low",0.3244192575
583.333333333333,0.388888888888889,"Contact rate (ϕ)","med",0.3199440085
583.333333333333,0.388888888888889,"Contact rate (ϕ)","high",0.330987553
583.333333333333,0.444444444444444,"Contact rate (ϕ)","low",0.369497771166667
583.333333333333,0.444444444444444,"Contact rate (ϕ)","med",0.3607106445
583.333333333333,0.444444444444444,"Contact rate (ϕ)","high",0.366191790333333
583.333333333333,0.5,"Contact rate (ϕ)","low",0.399319185333333
583.333333333333,0.5,"Contact rate (ϕ)","med",0.4002954605
583.333333333333,0.5,"Contact rate (ϕ)","high",0.393888591
666.666666666667,0,"Contact rate (ϕ)","low",0
666.666666666667,0,"Contact rate (ϕ)","med",0
666.666666666667,0,"Contact rate (ϕ)","high",0
666.666666666667,0.0555555555555556,"Contact rate (ϕ)","low",0.0585438716666667
666.666666666667,0.0555555555555556,"Contact rate (ϕ)","med",0.0511240583333333
666.666666666667,0.0555555555555556,"Contact rate (ϕ)","high",0.0560486666666667
666.666666666667,0.111111111111111,"Contact rate (ϕ)","low",0.107806605
666.666666666667,0.111111111111111,"Contact rate (ϕ)","med",0.107041523333333
666.666666666667,0.111111111111111,"Contact rate (ϕ)","high",0.106544355
666.666666666667,0.166666666666667,"Contact rate (ϕ)","low",0.152786781666667
666.666666666667,0.166666666666667,"Contact rate (ϕ)","med",0.150124808333333
666.666666666667,0.166666666666667,"Contact rate (ϕ)","high",0.15247544
666.666666666667,0.222222222222222,"Contact rate (ϕ)","low",0.188862271
666.666666666667,0.222222222222222,"Contact rate (ϕ)","med",0.196757988166667
666.666666666667,0.222222222222222,"Contact rate (ϕ)","high",0.199594896666667
666.666666666667,0.277777777777778,"Contact rate (ϕ)","low",0.241976911666667
666.666666666667,0.277777777777778,"Contact rate (ϕ)","med",0.240840799833333
666.666666666667,0.277777777777778,"Contact rate (ϕ)","high",0.245501607333333
666.666666666667,0.333333333333333,"Contact rate (ϕ)","low",0.285247302166667
666.666666666667,0.333333333333333,"Contact rate (ϕ)","med",0.285793122333333
666.666666666667,0.333333333333333,"Contact rate (ϕ)","high",0.276896165
666.666666666667,0.388888888888889,"Contact rate (ϕ)","low",0.318216177
666.666666666667,0.388888888888889,"Contact rate (ϕ)","med",0.323575879666667
666.666666666667,0.388888888888889,"Contact rate (ϕ)","high",0.319623215833333
666.666666666667,0.444444444444444,"Contact rate (ϕ)","low",0.371585478666667
666.666666666667,0.444444444444444,"Contact rate (ϕ)","med",0.3639769385
666.666666666667,0.444444444444444,"Contact rate (ϕ)","high",0.363260100333333
666.666666666667,0.5,"Contact rate (ϕ)","low",0.386200405
666.666666666667,0.5,"Contact rate (ϕ)","med",0.386962381666667
666.666666666667,0.5,"Contact rate (ϕ)","high",0.407664234
750,0,"Contact rate (ϕ)","low",0
750,0,"Contact rate (ϕ)","med",0
750,0,"Contact rate (ϕ)","high",0
750,0.0555555555555556,"Contact rate (ϕ)","low",0.05593391
750,0.0555555555555556,"Contact rate (ϕ)","med",0.059044775
750,0.0555555555555556,"Contact rate (ϕ)","high",0.052868935
750,0.111111111111111,"Contact rate (ϕ)","low",0.105520257666667
750,0.111111111111111,"Contact rate (ϕ)","med",0.107095418333333
750,0.111111111111111,"Contact rate (ϕ)","high",0.107126371666667
750,0.166666666666667,"Contact rate (ϕ)","low",0.164325634166667
750,0.166666666666667,"Contact rate (ϕ)","med",0.152030128333333
750,0.166666666666667,"Contact rate (ϕ)","high",0.146423689166667
750,0.222222222222222,"Contact rate (ϕ)","low",0.206610673
750,0.222222222222222,"Contact rate (ϕ)","med",0.198304355
750,0.222222222222222,"Contact rate (ϕ)","high",0.209134308333333
750,0.277777777777778,"Contact rate (ϕ)","low",0.234071998333333
750,0.277777777777778,"Contact rate (ϕ)","med",0.242170960666667
750,0.277777777777778,"Contact rate (ϕ)","high",0.250558367166667
750,0.333333333333333,"Contact rate (ϕ)","low",0.275519807333333
750,0.333333333333333,"Contact rate (ϕ)","med",0.274998703333333
750,0.333333333333333,"Contact rate (ϕ)","high",0.287416860166667
750,0.388888888888889,"Contact rate (ϕ)","low",0.320684952166667
750,0.388888888888889,"Contact rate (ϕ)","med",0.3229091265
750,0.388888888888889,"Contact rate (ϕ)","high",0.322446084833333
750,0.444444444444444,"Contact rate (ϕ)","low",0.351627031333333
750,0.444444444444444,"Contact rate (ϕ)","med",0.363297921333333
750,0.444444444444444,"Contact rate (ϕ)","high",0.359871246833333
750,0.5,"Contact rate (ϕ)","low",0.395608435166667
750,0.5,"Contact rate (ϕ)","med",0.396643553166667
750,0.5,"Contact rate (ϕ)","high",0.385251889666667
83.3333333333333,0,"Super-susceptible (ξ)","low",0
83.3333333333333,0,"Super-susceptible (ξ)","med",0
83.3333333333333,0,"Super-susceptible (ξ)","high",0
83.3333333333333,0.0555555555555556,"Super-susceptible (ξ)","low",0.0581715423333333
83.3333333333333,0.0555555555555556,"Super-susceptible (ξ)","med",0.057462875
83.3333333333333,0.0555555555555556,"Super-susceptible (ξ)","high",0.05347266
83.3333333333333,0.111111111111111,"Super-susceptible (ξ)","low",0.103213425833333
83.3333333333333,0.111111111111111,"Super-susceptible (ξ)","med",0.0986088031666667
83.3333333333333,0.111111111111111,"Super-susceptible (ξ)","high",0.100316658666667
83.3333333333333,0.166666666666667,"Super-susceptible (ξ)","low",0.155049809833333
83.3333333333333,0.166666666666667,"Super-susceptible (ξ)","med",0.146359984666667
83.3333333333333,0.166666666666667,"Super-susceptible (ξ)","high",0.168731939333333
83.3333333333333,0.222222222222222,"Super-susceptible (ξ)","low",0.197205971666667
83.3333333333333,0.222222222222222,"Super-susceptible (ξ)","med",0.2059664115
83.3333333333333,0.222222222222222,"Super-susceptible (ξ)","high",0.195960494666667
83.3333333333333,0.277777777777778,"Super-susceptible (ξ)","low",0.238387662666667
83.3333333333333,0.277777777777778,"Super-susceptible (ξ)","med",0.241676820333333
83.3333333333333,0.277777777777778,"Super-susceptible (ξ)","high",0.250687395
83.3333333333333,0.333333333333333,"Super-susceptible (ξ)","low",0.280865364666667
83.3333333333333,0.333333333333333,"Super-susceptible (ξ)","med",0.274500965833333
83.3333333333333,0.333333333333333,"Super-susceptible (ξ)","high",0.288289955833333
83.3333333333333,0.388888888888889,"Super-susceptible (ξ)","low",0.322001843666667
83.3333333333333,0.388888888888889,"Super-susceptible (ξ)","med",0.319119011
83.3333333333333,0.388888888888889,"Super-susceptible (ξ)","high",0.323411185333333
83.3333333333333,0.444444444444444,"Super-susceptible (ξ)","low",0.344965590166667
83.3333333333333,0.444444444444444,"Super-susceptible (ξ)","med",0.362070650666667
83.3333333333333,0.444444444444444,"Super-susceptible (ξ)","high",0.3417977775
83.3333333333333,0.5,"Super-susceptible (ξ)","low",0.397272934166667
83.3333333333333,0.5,"Super-susceptible (ξ)","med",0.384576818833333
83.3333333333333,0.5,"Super-susceptible (ξ)","high",0.392559537666667
166.666666666667,0,"Super-susceptible (ξ)","low",0
166.666666666667,0,"Super-susceptible (ξ)","med",0
166.666666666667,0,"Super-susceptible (ξ)","high",0
166.666666666667,0.0555555555555556,"Super-susceptible (ξ)","low",0.0511437983333333
166.666666666667,0.0555555555555556,"Super-susceptible (ξ)","med",0.0576611671666667
166.666666666667,0.0555555555555556,"Super-susceptible (ξ)","high",0.05370489
166.666666666667,0.111111111111111,"Super-susceptible (ξ)","low",0.107078445
166.666666666667,0.111111111111111,"Super-susceptible (ξ)","med",0.109843547
166.666666666667,0.111111111111111,"Super-susceptible (ξ)","high",0.100842584
166.666666666667,0.166666666666667,"Super-susceptible (ξ)","low",0.156922838833333
166.666666666667,0.166666666666667,"Super-susceptible (ξ)","med",0.1413861925
166.666666666667,0.166666666666667,"Super-susceptible (ξ)","high",0.153374269
166.666666666667,0.222222222222222,"Super-susceptible (ξ)","low",0.191368072166667
166.666666666667,0.222222222222222,"Super-susceptible (ξ)","med",0.1987660475
166.666666666667,0.222222222222222,"Super-susceptible (ξ)","high",0.209501703166667
166.666666666667,0.277777777777778,"Super-susceptible (ξ)","low",0.227712870833333
166.666666666667,0.277777777777778,"Super-susceptible (ξ)","med",0.238038134
166.666666666667,0.277777777777778,"Super-susceptible (ξ)","high",0.2389424365
166.666666666667,0.333333333333333,"Super-susceptible (ξ)","low",0.284207883833333
166.666666666667,0.333333333333333,"Super-susceptible (ξ)","med",0.276140957333333
166.666666666667,0.333333333333333,"Super-susceptible (ξ)","high",0.275644863
166.666666666667,0.388888888888889,"Super-susceptible (ξ)","low",0.3187079655
166.666666666667,0.388888888888889,"Super-susceptible (ξ)","med",0.318462493666667
166.666666666667,0.388888888888889,"Super-susceptible (ξ)","high",0.311392234166667
166.666666666667,0.444444444444444,"Super-susceptible (ξ)","low",0.357968781666667
166.666666666667,0.444444444444444,"Super-susceptible (ξ)","med",0.355212717833333
166.666666666667,0.444444444444444,"Super-susceptible (ξ)","high",0.356649990666667
166.666666666667,0.5,"Super-susceptible (ξ)","low",0.403342395666667
166.666666666667,0.5,"Super-susceptible (ξ)","med",0.389943975833333
166.666666666667,0.5,"Super-susceptible (ξ)","high",0.387127593833333
250,0,"Super-susceptible (ξ)","low",0
250,0,"Super-susceptible (ξ)","med",0
250,0,"Super-susceptible (ξ)","high",0
250,0.0555555555555556,"Super-susceptible (ξ)","low",0.0541793653333333
250,0.0555555555555556,"Super-susceptible (ξ)","med",0.0535311916666667
250,0.0555555555555556,"Super-susceptible (ξ)","high",0.051801624
250,0.111111111111111,"Super-susceptible (ξ)","low",0.109600006666667
250,0.111111111111111,"Super-susceptible (ξ)","med",0.105836314333333
250,0.111111111111111,"Super-susceptible (ξ)","high",0.106495538
250,0.166666666666667,"Super-susceptible (ξ)","low",0.148878012666667
250,0.166666666666667,"Super-susceptible (ξ)","med",0.143434218666667
250,0.166666666666667,"Super-susceptible (ξ)","high",0.1467328955
250,0.222222222222222,"Super-susceptible (ξ)","low",0.2030856515
250,0.222222222222222,"Super-susceptible (ξ)","med",0.196257991833333
250,0.222222222222222,"Super-susceptible (ξ)","high",0.203042648
250,0.277777777777778,"Super-susceptible (ξ)","low",0.235363488666667
250,0.277777777777778,"Super-susceptible (ξ)","med",0.231239025166667
250,0.277777777777778,"Super-susceptible (ξ)","high",0.237273195833333
250,0.333333333333333,"Super-susceptible (ξ)","low",0.276233501833333
250,0.333333333333333,"Super-susceptible (ξ)","med",0.2778712305
250,0.333333333333333,"Super-susceptible (ξ)","high",0.285120431833333
250,0.388888888888889,"Super-susceptible (ξ)","low",0.315931019
250,0.388888888888889,"Super-susceptible (ξ)","med",0.3167844495
250,0.388888888888889,"Super-susceptible (ξ)","high",0.331871571833333
250,0.444444444444444,"Super-susceptible (ξ)","low",0.361937849833333
250,0.444444444444444,"Super-susceptible (ξ)","med",0.351611050333333
250,0.444444444444444,"Super-susceptible (ξ)","high",0.359371958333333
250,0.5,"Super-susceptible (ξ)","low",0.3935126645
250,0.5,"Super-susceptible (ξ)","med",0.379466579166667
250,0.5,"Super-susceptible (ξ)","high",0.384141654833333
333.333333333333,0,"Super-susceptible (ξ)","low",0
333.333333333333,0,"Super-susceptible (ξ)","med",0
333.333333333333,0,"Super-susceptible (ξ)","high",0
333.333333333333,0.0555555555555556,"Super-susceptible (ξ)","low",0.0537052116666667
333.333333333333,0.0555555555555556,"Super-susceptible (ξ)","med",0.056318575
333.333333333333,0.0555555555555556,"Super-susceptible (ξ)","high",0.0528521581666667
333.333333333333,0.111111111111111,"Super-susceptible (ξ)","low",0.102289154333333
333.333333333333,0.111111111111111,"Super-susceptible (ξ)","med",0.107875877666667
333.333333333333,0.111111111111111,"Super-susceptible (ξ)","high",0.110130881666667
333.333333333333,0.166666666666667,"Super-susceptible (ξ)","low",0.148584353333333
333.333333333333,0.166666666666667,"Super-susceptible (ξ)","med",0.1526759455
333.333333333333,0.166666666666667,"Super-susceptible (ξ)","high",0.154583546
333.333333333333,0.222222222222222,"Super-susceptible (ξ)","low",0.202640909166667
333.333333333333,0.222222222222222,"Super-susceptible (ξ)","med",0.206917563166667
333.333333333333,0.222222222222222,"Super-susceptible (ξ)","high",0.199887482666667
333.333333333333,0.277777777777778,"Super-susceptible (ξ)","low",0.246187811166667
333.333333333333,0.277777777777778,"Super-susceptible (ξ)","med",0.2389132305
333.333333333333,0.277777777777778,"Super-susceptible (ξ)","high",0.234436463166667
333.333333333333,0.333333333333333,"Super-susceptible (ξ)","low",0.276614169166667
333.333333333333,0.333333333333333,"Super-susceptible (ξ)","med",0.280370794333333
333.333333333333,0.333333333333333,"Super-susceptible (ξ)","high",0.283881575
333.333333333333,0.388888888888889,"Super-susceptible (ξ)","low",0.311091813166667
333.333333333333,0.388888888888889,"Super-susceptible (ξ)","med",0.326828528666667
333.333333333333,0.388888888888889,"Super-susceptible (ξ)","high",0.326199026166667
333.333333333333,0.444444444444444,"Super-susceptible (ξ)","low",0.361593898833333
333.333333333333,0.444444444444444,"Super-susceptible (ξ)","med",0.342560248
333.333333333333,0.444444444444444,"Super-susceptible (ξ)","high",0.354222590666667
333.333333333333,0.5,"Super-susceptible (ξ)","low",0.392308298
333.333333333333,0.5,"Super-susceptible (ξ)","med",0.3864615745
333.333333333333,0.5,"Super-susceptible (ξ)","high",0.379377974666667
416.666666666667,0,"Super-susceptible (ξ)","low",0
416.666666666667,0,"Super-susceptible (ξ)","med",0
416.666666666667,0,"Super-susceptible (ξ)","high",0
416.666666666667,0.0555555555555556,"Super-susceptible (ξ)","low",0.0587704233333333
416.666666666667,0.0555555555555556,"Super-susceptible (ξ)","med",0.0533103866666667
416.666666666667,0.0555555555555556,"Super-susceptible (ξ)","high",0.0560386466666667
416.666666666667,0.111111111111111,"Super-susceptible (ξ)","low",0.102250403333333
416.666666666667,0.111111111111111,"Super-susceptible (ξ)","med",0.0969524183333333
416.666666666667,0.111111111111111,"Super-susceptible (ξ)","high",0.0995332823333333
416.666666666667,0.166666666666667,"Super-susceptible (ξ)","low",0.153707963333333
416.666666666667,0.166666666666667,"Super-susceptible (ξ)","med",0.164528509166667
416.666666666667,0.166666666666667,"Super-susceptible (ξ)","high",0.152334966333333
416.666666666667,0.222222222222222,"Super-susceptible (ξ)","low",0.197576948666667
416.666666666667,0.222222222222222,"Super-susceptible (ξ)","med",0.203838529833333
416.666666666667,0.222222222222222,"Super-susceptible (ξ)","high",0.199023193166667
416.666666666667,0.277777777777778,"Super-susceptible (ξ)","low",0.2459323595
416.666666666667,0.277777777777778,"Super-susceptible (ξ)","med",0.244308778833333
416.666666666667,0.277777777777778,"Super-susceptible (ξ)","high",0.249644893833333
416.666666666667,0.333333333333333,"Super-susceptible (ξ)","low",0.285956921833333
416.666666666667,0.333333333333333,"Super-susceptible (ξ)","med",0.2830892075
416.666666666667,0.333333333333333,"Super-susceptible (ξ)","high",0.277499854166667
416.666666666667,0.388888888888889,"Super-susceptible (ξ)","low",0.313349660333333
416.666666666667,0.388888888888889,"Super-susceptible (ξ)","med",0.311972760333333
416.666666666667,0.388888888888889,"Super-susceptible (ξ)","high",0.3124290465
416.666666666667,0.444444444444444,"Super-susceptible (ξ)","low",0.360025268666667
416.666666666667,0.444444444444444,"Super-susceptible (ξ)","med",0.356376791333333
416.666666666667,0.444444444444444,"Super-susceptible (ξ)","high",0.347166138833333
416.666666666667,0.5,"Super-susceptible (ξ)","low",0.385869419833333
416.666666666667,0.5,"Super-susceptible (ξ)","med",0.395190837
416.666666666667,0.5,"Super-susceptible (ξ)","high",0.396509891666667
500,0,"Super-susceptible (ξ)","low",0
500,0,"Super-susceptible (ξ)","med",0
500,0,"Super-susceptible (ξ)","high",0
500,0.0555555555555556,"Super-susceptible (ξ)","low",0.0502705416666667
500,0.0555555555555556,"Super-susceptible (ξ)","med",0.0539589516666667
500,0.0555555555555556,"Super-susceptible (ξ)","high",0.0518063016666667
500,0.111111111111111,"Super-susceptible (ξ)","low",0.105087602833333
500,0.111111111111111,"Super-susceptible (ξ)","med",0.104458363333333
500,0.111111111111111,"Super-susceptible (ξ)","high",0.105236895166667
500,0.166666666666667,"Super-susceptible (ξ)","low",0.146722785
500,0.166666666666667,"Super-susceptible (ξ)","med",0.157508845
500,0.166666666666667,"Super-susceptible (ξ)","high",0.149431665
500,0.222222222222222,"Super-susceptible (ξ)","low",0.195407990166667
500,0.222222222222222,"Super-susceptible (ξ)","med",0.1937218965
500,0.222222222222222,"Super-susceptible (ξ)","high",0.209018233
500,0.277777777777778,"Super-susceptible (ξ)","low",0.2416227
500,0.277777777777778,"Super-susceptible (ξ)","med",0.244884816833333
500,0.277777777777778,"Super-susceptible (ξ)","high",0.2438560385
500,0.333333333333333,"Super-susceptible (ξ)","low",0.282204449666667
500,0.333333333333333,"Super-susceptible (ξ)","med",0.2843080115
500,0.333333333333333,"Super-susceptible (ξ)","high",0.2856609255
500,0.388888888888889,"Super-susceptible (ξ)","low",0.330355302333333
500,0.388888888888889,"Super-susceptible (ξ)","med",0.314122600666667
500,0.388888888888889,"Super-susceptible (ξ)","high",0.322027152833333
500,0.444444444444444,"Super-susceptible (ξ)","low",0.347881888166667
500,0.444444444444444,"Super-susceptible (ξ)","med",0.348570555333333
500,0.444444444444444,"Super-susceptible (ξ)","high",0.367334559666667
500,0.5,"Super-susceptible (ξ)","low",0.388933630333333
500,0.5,"Super-susceptible (ξ)","med",0.3833558475
500,0.5,"Super-susceptible (ξ)","high",0.3828904275
583.333333333333,0,"Super-susceptible (ξ)","low",0
583.333333333333,0,"Super-susceptible (ξ)","med",0
583.333333333333,0,"Super-susceptible (ξ)","high",0
583.333333333333,0.0555555555555556,"Super-susceptible (ξ)","low",0.049769555
583.333333333333,0.0555555555555556,"Super-susceptible (ξ)","med",0.0596659033333333
583.333333333333,0.0555555555555556,"Super-susceptible (ξ)","high",0.056038635
583.333333333333,0.111111111111111,"Super-susceptible (ξ)","low",0.101197893833333
583.333333333333,0.111111111111111,"Super-susceptible (ξ)","med",0.10560984
583.333333333333,0.111111111111111,"Super-susceptible (ξ)","high",0.109853463333333
583.333333333333,0.166666666666667,"Super-susceptible (ξ)","low",0.14612147
583.333333333333,0.166666666666667,"Super-susceptible (ξ)","med",0.151567327333333
583.333333333333,0.166666666666667,"Super-susceptible (ξ)","high",0.152555936166667
583.333333333333,0.222222222222222,"Super-susceptible (ξ)","low",0.1931105025
583.333333333333,0.222222222222222,"Super-susceptible (ξ)","med",0.19281929
583.333333333333,0.222222222222222,"Super-susceptible (ξ)","high",0.205025624166667
583.333333333333,0.277777777777778,"Super-susceptible (ξ)","low",0.236912707833333
583.333333333333,0.277777777777778,"Super-susceptible (ξ)","med",0.238784724166667
583.333333333333,0.277777777777778,"Super-susceptible (ξ)","high",0.242722681
583.333333333333,0.333333333333333,"Super-susceptible (ξ)","low",0.288273894666667
583.333333333333,0.333333333333333,"Super-susceptible (ξ)","med",0.274117259166667
583.333333333333,0.333333333333333,"Super-susceptible (ξ)","high",0.291124425666667
583.333333333333,0.388888888888889,"Super-susceptible (ξ)","low",0.32120608
583.333333333333,0.388888888888889,"Super-susceptible (ξ)","med",0.332165487166667
583.333333333333,0.388888888888889,"Super-susceptible (ξ)","high",0.3315178725
583.333333333333,0.444444444444444,"Super-susceptible (ξ)","low",0.3555505335
583.333333333333,0.444444444444444,"Super-susceptible (ξ)","med",0.361330599666667
583.333333333333,0.444444444444444,"Super-susceptible (ξ)","high",0.356469585333333
583.333333333333,0.5,"Super-susceptible (ξ)","low",0.384246452
583.333333333333,0.5,"Super-susceptible (ξ)","med",0.391877515166667
583.333333333333,0.5,"Super-susceptible (ξ)","high",0.395876336
666.666666666667,0,"Super-susceptible (ξ)","low",0
666.666666666667,0,"Super-susceptible (ξ)","med",0
666.666666666667,0,"Super-susceptible (ξ)","high",0
666.666666666667,0.0555555555555556,"Super-susceptible (ξ)","low",0.056794015
666.666666666667,0.0555555555555556,"Super-susceptible (ξ)","med",0.055196175
666.666666666667,0.0555555555555556,"Super-susceptible (ξ)","high",0.055429715
666.666666666667,0.111111111111111,"Super-susceptible (ξ)","low",0.103882551666667
666.666666666667,0.111111111111111,"Super-susceptible (ξ)","med",0.110414858333333
666.666666666667,0.111111111111111,"Super-susceptible (ξ)","high",0.101971729
666.666666666667,0.166666666666667,"Super-susceptible (ξ)","low",0.148240862833333
666.666666666667,0.166666666666667,"Super-susceptible (ξ)","med",0.164295664166667
666.666666666667,0.166666666666667,"Super-susceptible (ξ)","high",0.152655458333333
666.666666666667,0.222222222222222,"Super-susceptible (ξ)","low",0.188729157333333
666.666666666667,0.222222222222222,"Super-susceptible (ξ)","med",0.195067535
666.666666666667,0.222222222222222,"Super-susceptible (ξ)","high",0.200223493333333
666.666666666667,0.277777777777778,"Super-susceptible (ξ)","low",0.243780001666667
666.666666666667,0.277777777777778,"Super-susceptible (ξ)","med",0.238758692333333
666.666666666667,0.277777777777778,"Super-susceptible (ξ)","high",0.236675575666667
666.666666666667,0.333333333333333,"Super-susceptible (ξ)","low",0.280705858666667
666.666666666667,0.333333333333333,"Super-susceptible (ξ)","med",0.279257831833333
666.666666666667,0.333333333333333,"Super-susceptible (ξ)","high",0.289035316
666.666666666667,0.388888888888889,"Super-susceptible (ξ)","low",0.328192724666667
666.666666666667,0.388888888888889,"Super-susceptible (ξ)","med",0.323229716166667
666.666666666667,0.388888888888889,"Super-susceptible (ξ)","high",0.3211053145
666.666666666667,0.444444444444444,"Super-susceptible (ξ)","low",0.3539755025
666.666666666667,0.444444444444444,"Super-susceptible (ξ)","med",0.379787970333333
666.666666666667,0.444444444444444,"Super-susceptible (ξ)","high",0.364222020166667
666.666666666667,0.5,"Super-susceptible (ξ)","low",0.397004605666667
666.666666666667,0.5,"Super-susceptible (ξ)","med",0.393388716166667
666.666666666667,0.5,"Super-susceptible (ξ)","high",0.394848268833333
750,0,"Super-susceptible (ξ)","low",0
750,0,"Super-susceptible (ξ)","med",0
750,0,"Super-susceptible (ξ)","high",0
750,0.0555555555555556,"Super-susceptible (ξ)","low",0.05700601
750,0.0555555555555556,"Super-susceptible (ξ)","med",0.0515897566666667
750,0.0555555555555556,"Super-susceptible (ξ)","high",0.0558523566666667
750,0.111111111111111,"Super-susceptible (ξ)","low",0.0967311833333333
750,0.111111111111111,"Super-susceptible (ξ)","med",0.108905942
750,0.111111111111111,"Super-susceptible (ξ)","high",0.104024558333333
750,0.166666666666667,"Super-susceptible (ξ)","low",0.146866695
750,0.166666666666667,"Super-susceptible (ξ)","med",0.149643738333333
750,0.166666666666667,"Super-susceptible (ξ)","high",0.14950493
750,0.222222222222222,"Super-susceptible (ξ)","low",0.193470454166667
750,0.222222222222222,"Super-susceptible (ξ)","med",0.199787231666667
750,0.222222222222222,"Super-susceptible (ξ)","high",0.199672488166667
750,0.277777777777778,"Super-susceptible (ξ)","low",0.24768861
750,0.277777777777778,"Super-susceptible (ξ)","med",0.262768828333333
750,0.277777777777778,"Super-susceptible (ξ)","high",0.240177501333333
750,0.333333333333333,"Super-susceptible (ξ)","low",0.270700769666667
750,0.333333333333333,"Super-susceptible (ξ)","med",0.278278441333333
750,0.333333333333333,"Super-susceptible (ξ)","high",0.270088675833333
750,0.388888888888889,"Super-susceptible (ξ)","low",0.329887397333333
750,0.388888888888889,"Super-susceptible (ξ)","med",0.322980802333333
750,0.388888888888889,"Super-susceptible (ξ)","high",0.325737895
750,0.444444444444444,"Super-susceptible (ξ)","low",0.3534946355
750,0.444444444444444,"Super-susceptible (ξ)","med",0.364769022166667
750,0.444444444444444,"Super-susceptible (ξ)","high",0.356894897
750,0.5,"Super-susceptible (ξ)","low",0.397703800833333
750,0.5,"Super-susceptible (ξ)","med",0.391191215666667
750,0.5,"Super-susceptible (ξ)","high",0.394806818833333
