"","size","prop_ss","phi","mean_prev","fadeout"
"1",250,0,1,0.000108927766255931,0.996
"2",250,0,2.63333333333333,0.000156656251385416,0.998
"3",250,0,4.26666666666667,9.67210431702911e-05,0.996
"4",250,0,5.9,0.000117074526315362,1
"5",250,0,7.53333333333333,0.000219710528707573,0.996
"6",250,0,9.16666666666667,0.000103267597296178,0.994
"7",250,0,10.8,0.000111502472680203,0.994
"8",250,0,12.4333333333333,9.62530843859071e-05,0.992
"9",250,0,14.0666666666667,7.89761452586439e-05,0.996
"10",250,0,15.7,0.000145964185178713,0.998
"11",250,0,17.3333333333333,0.000117010009299023,0.998
"12",250,0,18.9666666666667,9.71923396001917e-05,0.996
"13",250,0,20.6,0.000137836791343772,0.996
"14",250,0,22.2333333333333,0.000110403427592249,0.996
"15",250,0,23.8666666666667,0.000139019203457796,1
"16",250,0,25.5,7.83492412058225e-05,0.994
"17",250,0,27.1333333333333,0.000115731140174351,1
"18",250,0,28.7666666666667,0.000121554375660597,0.998
"19",250,0,30.4,0.000110857009723287,0.996
"20",250,0,32.0333333333333,0.000123412934367341,0.998
"21",250,0,33.6666666666667,0.000138606331552496,0.992
"22",250,0,35.3,9.76270512421904e-05,0.996
"23",250,0,36.9333333333333,5.4684522576556e-05,0.996
"24",250,0,38.5666666666667,0.000169569775019226,0.984
"25",250,0,40.2,0.000127770491792568,0.992
"26",250,0,41.8333333333333,0.000126705723339805,0.994
"27",250,0,43.4666666666667,0.000128304495802191,1
"28",250,0,45.1,9.14574501251104e-05,1
"29",250,0,46.7333333333333,0.00015973941103046,0.998
"30",250,0,48.3666666666667,8.63663321743547e-05,1
"31",250,0,50,0.000116649875987677,1
"32",250,0.0333333333333333,1,0.00010886535438205,0.996
"33",250,0.0333333333333333,2.63333333333333,0.000128385980359657,0.996
"34",250,0.0333333333333333,4.26666666666667,0.000157974771080764,0.996
"35",250,0.0333333333333333,5.9,0.000122828268019357,0.996
"36",250,0.0333333333333333,7.53333333333333,0.000103020293580342,0.998
"37",250,0.0333333333333333,9.16666666666667,0.000175372481156983,0.992
"38",250,0.0333333333333333,10.8,0.000137037313957174,1
"39",250,0.0333333333333333,12.4333333333333,9.74167716509195e-05,0.996
"40",250,0.0333333333333333,14.0666666666667,0.000193411619693625,0.994
"41",250,0.0333333333333333,15.7,0.000109442529677836,0.996
"42",250,0.0333333333333333,17.3333333333333,0.00019940394494461,0.992
"43",250,0.0333333333333333,18.9666666666667,0.000171408645280361,0.994
"44",250,0.0333333333333333,20.6,0.0001962354346927,0.992
"45",250,0.0333333333333333,22.2333333333333,0.000165568899343611,0.996
"46",250,0.0333333333333333,23.8666666666667,0.00021419456230405,0.994
"47",250,0.0333333333333333,25.5,0.000158558499972875,0.996
"48",250,0.0333333333333333,27.1333333333333,0.00014498404450492,0.988
"49",250,0.0333333333333333,28.7666666666667,0.000230262994118973,0.99
"50",250,0.0333333333333333,30.4,0.000201689080839292,0.998
"51",250,0.0333333333333333,32.0333333333333,0.000168846514320384,0.998
"52",250,0.0333333333333333,33.6666666666667,0.000272354972197675,0.992
"53",250,0.0333333333333333,35.3,0.000232099166755101,0.988
"54",250,0.0333333333333333,36.9333333333333,0.000203716816038781,0.998
"55",250,0.0333333333333333,38.5666666666667,0.000189287664154943,0.99
"56",250,0.0333333333333333,40.2,0.000261713971563723,0.986
"57",250,0.0333333333333333,41.8333333333333,0.000244965949254006,0.994
"58",250,0.0333333333333333,43.4666666666667,0.000207139173848302,0.99
"59",250,0.0333333333333333,45.1,0.000288304441593973,0.986
"60",250,0.0333333333333333,46.7333333333333,0.000261472198531529,0.992
"61",250,0.0333333333333333,48.3666666666667,0.000325929478331442,0.992
"62",250,0.0333333333333333,50,0.000255548899113126,0.998
"63",250,0.0666666666666667,1,0.000108437310313741,0.996
"64",250,0.0666666666666667,2.63333333333333,0.000110920450511717,0.998
"65",250,0.0666666666666667,4.26666666666667,0.000132892647699032,1
"66",250,0.0666666666666667,5.9,0.000150882507264482,0.998
"67",250,0.0666666666666667,7.53333333333333,0.000135138556269802,0.998
"68",250,0.0666666666666667,9.16666666666667,0.000224046478629671,0.994
"69",250,0.0666666666666667,10.8,0.000167339250775451,0.992
"70",250,0.0666666666666667,12.4333333333333,0.000200552765677959,0.996
"71",250,0.0666666666666667,14.0666666666667,0.000226678402483462,0.992
"72",250,0.0666666666666667,15.7,0.000249643704253622,0.994
"73",250,0.0666666666666667,17.3333333333333,0.000266331661001193,0.988
"74",250,0.0666666666666667,18.9666666666667,0.000237431023257996,1
"75",250,0.0666666666666667,20.6,0.000304142194602675,0.992
"76",250,0.0666666666666667,22.2333333333333,0.000220158062996303,0.988
"77",250,0.0666666666666667,23.8666666666667,0.000289220596977267,0.996
"78",250,0.0666666666666667,25.5,0.000281390954032255,0.99
"79",250,0.0666666666666667,27.1333333333333,0.000285358457927474,0.986
"80",250,0.0666666666666667,28.7666666666667,0.000365717842490968,0.984
"81",250,0.0666666666666667,30.4,0.000349313693488812,0.984
"82",250,0.0666666666666667,32.0333333333333,0.00031565258264344,0.986
"83",250,0.0666666666666667,33.6666666666667,0.000402347718853286,0.982
"84",250,0.0666666666666667,35.3,0.000392710767456713,0.992
"85",250,0.0666666666666667,36.9333333333333,0.000340388251670942,0.984
"86",250,0.0666666666666667,38.5666666666667,0.000406564727946902,0.988
"87",250,0.0666666666666667,40.2,0.000419635486639228,0.992
"88",250,0.0666666666666667,41.8333333333333,0.000448903732115437,0.986
"89",250,0.0666666666666667,43.4666666666667,0.000499316900196989,0.992
"90",250,0.0666666666666667,45.1,0.000379015784105625,0.988
"91",250,0.0666666666666667,46.7333333333333,0.000535873168652514,0.982
"92",250,0.0666666666666667,48.3666666666667,0.000452927629987756,0.992
"93",250,0.0666666666666667,50,0.000548341569932974,0.99
"94",250,0.1,1,0.000154815877589032,0.994
"95",250,0.1,2.63333333333333,0.000103934263734479,0.996
"96",250,0.1,4.26666666666667,0.000168345495652388,0.992
"97",250,0.1,5.9,0.000151569721271457,0.998
"98",250,0.1,7.53333333333333,0.000237083884690328,0.99
"99",250,0.1,9.16666666666667,0.000262613818783791,0.99
"100",250,0.1,10.8,0.000284850484654562,0.99
"101",250,0.1,12.4333333333333,0.000277569498891759,0.99
"102",250,0.1,14.0666666666667,0.000266902893249828,0.992
"103",250,0.1,15.7,0.0002613637145695,0.994
"104",250,0.1,17.3333333333333,0.000340121059914718,0.98
"105",250,0.1,18.9666666666667,0.000268739182033041,0.994
"106",250,0.1,20.6,0.000311903417339395,0.992
"107",250,0.1,22.2333333333333,0.000360176974870086,0.994
"108",250,0.1,23.8666666666667,0.000375446114898125,0.994
"109",250,0.1,25.5,0.000354130984293231,0.994
"110",250,0.1,27.1333333333333,0.000331484855340731,0.994
"111",250,0.1,28.7666666666667,0.000494828881827621,0.986
"112",250,0.1,30.4,0.000497539735061857,0.988
"113",250,0.1,32.0333333333333,0.000567153387699446,0.988
"114",250,0.1,33.6666666666667,0.000464174545969141,0.978
"115",250,0.1,35.3,0.000449297161740225,0.988
"116",250,0.1,36.9333333333333,0.000605623855244639,0.974
"117",250,0.1,38.5666666666667,0.00054965717369242,0.986
"118",250,0.1,40.2,0.000528072613619101,0.974
"119",250,0.1,41.8333333333333,0.000606175634541664,0.988
"120",250,0.1,43.4666666666667,0.000637228044091523,0.982
"121",250,0.1,45.1,0.00062558719770813,0.986
"122",250,0.1,46.7333333333333,0.00056231102848234,0.984
"123",250,0.1,48.3666666666667,0.000583240233714881,0.984
"124",250,0.1,50,0.000634518398539582,0.976
"125",250,0.133333333333333,1,0.000109339008607186,0.998
"126",250,0.133333333333333,2.63333333333333,0.000145805845534056,0.996
"127",250,0.133333333333333,4.26666666666667,0.000133524933692957,0.994
"128",250,0.133333333333333,5.9,0.000157550309052946,0.996
"129",250,0.133333333333333,7.53333333333333,0.000224011212708809,0.998
"130",250,0.133333333333333,9.16666666666667,0.000213363710002456,0.994
"131",250,0.133333333333333,10.8,0.00029808022110211,0.992
"132",250,0.133333333333333,12.4333333333333,0.000266879891074632,0.992
"133",250,0.133333333333333,14.0666666666667,0.000342226488900743,0.994
"134",250,0.133333333333333,15.7,0.000324414003598187,0.992
"135",250,0.133333333333333,17.3333333333333,0.000499598837757765,0.982
"136",250,0.133333333333333,18.9666666666667,0.000385351329271958,0.996
"137",250,0.133333333333333,20.6,0.00035415644583939,0.984
"138",250,0.133333333333333,22.2333333333333,0.000433392053458282,0.99
"139",250,0.133333333333333,23.8666666666667,0.0004533432857638,0.99
"140",250,0.133333333333333,25.5,0.000500843065356389,0.982
"141",250,0.133333333333333,27.1333333333333,0.000421985170293184,0.986
"142",250,0.133333333333333,28.7666666666667,0.000471728958568274,0.986
"143",250,0.133333333333333,30.4,0.000539494862616834,0.984
"144",250,0.133333333333333,32.0333333333333,0.000502501273683172,0.99
"145",250,0.133333333333333,33.6666666666667,0.000525964464791239,0.982
"146",250,0.133333333333333,35.3,0.000554598226406072,0.988
"147",250,0.133333333333333,36.9333333333333,0.000780662983153945,0.97
"148",250,0.133333333333333,38.5666666666667,0.000605032724084926,0.982
"149",250,0.133333333333333,40.2,0.000640881985679781,0.99
"150",250,0.133333333333333,41.8333333333333,0.000689807243632229,0.992
"151",250,0.133333333333333,43.4666666666667,0.000867644563393234,0.97
"152",250,0.133333333333333,45.1,0.000803158566440335,0.982
"153",250,0.133333333333333,46.7333333333333,0.000696429671610262,0.978
"154",250,0.133333333333333,48.3666666666667,0.000818119739156165,0.978
"155",250,0.133333333333333,50,0.000880155439630054,0.97
"156",250,0.166666666666667,1,6.09877605507308e-05,0.996
"157",250,0.166666666666667,2.63333333333333,0.000146120578148629,0.996
"158",250,0.166666666666667,4.26666666666667,0.000128894644004665,0.998
"159",250,0.166666666666667,5.9,0.000186669248577468,0.988
"160",250,0.166666666666667,7.53333333333333,0.000188500857451459,0.998
"161",250,0.166666666666667,9.16666666666667,0.000279161497961604,0.986
"162",250,0.166666666666667,10.8,0.000263014597049779,0.998
"163",250,0.166666666666667,12.4333333333333,0.000303574307833801,0.986
"164",250,0.166666666666667,14.0666666666667,0.000334742316191698,0.994
"165",250,0.166666666666667,15.7,0.000416388235746313,0.99
"166",250,0.166666666666667,17.3333333333333,0.000407054663594008,0.992
"167",250,0.166666666666667,18.9666666666667,0.000506479307306915,0.978
"168",250,0.166666666666667,20.6,0.000557414719278856,0.978
"169",250,0.166666666666667,22.2333333333333,0.000530054005154172,0.978
"170",250,0.166666666666667,23.8666666666667,0.000492558839498003,0.984
"171",250,0.166666666666667,25.5,0.000610780703883817,0.972
"172",250,0.166666666666667,27.1333333333333,0.000541416074322142,0.974
"173",250,0.166666666666667,28.7666666666667,0.000569376637235208,0.978
"174",250,0.166666666666667,30.4,0.000602442712375068,0.978
"175",250,0.166666666666667,32.0333333333333,0.000667198484185471,0.978
"176",250,0.166666666666667,33.6666666666667,0.000695928125698148,0.974
"177",250,0.166666666666667,35.3,0.000802559008447598,0.964
"178",250,0.166666666666667,36.9333333333333,0.000814886909809775,0.96
"179",250,0.166666666666667,38.5666666666667,0.000832815595590462,0.982
"180",250,0.166666666666667,40.2,0.000870083315341626,0.968
"181",250,0.166666666666667,41.8333333333333,0.000905496092304054,0.97
"182",250,0.166666666666667,43.4666666666667,0.000990466282466722,0.98
"183",250,0.166666666666667,45.1,0.000933962648812542,0.954
"184",250,0.166666666666667,46.7333333333333,0.00110337943591326,0.968
"185",250,0.166666666666667,48.3666666666667,0.00105137165268653,0.974
"186",250,0.166666666666667,50,0.000908239401779707,0.968
"187",250,0.2,1,9.07039183940342e-05,0.998
"188",250,0.2,2.63333333333333,0.000146628633773406,0.994
"189",250,0.2,4.26666666666667,0.000178731817036776,0.99
"190",250,0.2,5.9,0.00023762041673909,0.994
"191",250,0.2,7.53333333333333,0.000200254233891094,0.996
"192",250,0.2,9.16666666666667,0.000273100222517896,0.986
"193",250,0.2,10.8,0.000257308265554196,0.99
"194",250,0.2,12.4333333333333,0.00041075579797005,0.992
"195",250,0.2,14.0666666666667,0.000351351073819596,0.988
"196",250,0.2,15.7,0.000366313790510672,0.988
"197",250,0.2,17.3333333333333,0.000391890173297519,0.98
"198",250,0.2,18.9666666666667,0.000486441275703216,0.988
"199",250,0.2,20.6,0.000601269644518041,0.974
"200",250,0.2,22.2333333333333,0.000554832855022881,0.974
"201",250,0.2,23.8666666666667,0.00056981243449083,0.986
"202",250,0.2,25.5,0.000672888542657325,0.984
"203",250,0.2,27.1333333333333,0.000668789933221509,0.966
"204",250,0.2,28.7666666666667,0.000793968826611013,0.976
"205",250,0.2,30.4,0.000774453779219724,0.976
"206",250,0.2,32.0333333333333,0.00083244502603053,0.976
"207",250,0.2,33.6666666666667,0.000936104139321326,0.968
"208",250,0.2,35.3,0.00101535268681805,0.962
"209",250,0.2,36.9333333333333,0.000873034016396161,0.97
"210",250,0.2,38.5666666666667,0.00093897129607657,0.97
"211",250,0.2,40.2,0.00081339979976279,0.972
"212",250,0.2,41.8333333333333,0.000994368336413764,0.976
"213",250,0.2,43.4666666666667,0.00108375775657285,0.98
"214",250,0.2,45.1,0.00114132612243185,0.972
"215",250,0.2,46.7333333333333,0.00106202512759919,0.966
"216",250,0.2,48.3666666666667,0.00115463798305681,0.958
"217",250,0.2,50,0.00131403853673737,0.958
"218",250,0.233333333333333,1,0.000127078923566636,0.994
"219",250,0.233333333333333,2.63333333333333,0.00018670141020424,0.99
"220",250,0.233333333333333,4.26666666666667,0.000215718937838489,0.996
"221",250,0.233333333333333,5.9,0.000274762501706448,0.998
"222",250,0.233333333333333,7.53333333333333,0.000274434078886755,0.994
"223",250,0.233333333333333,9.16666666666667,0.000350822353869024,0.988
"224",250,0.233333333333333,10.8,0.000459519044421122,0.986
"225",250,0.233333333333333,12.4333333333333,0.000496596846412844,0.986
"226",250,0.233333333333333,14.0666666666667,0.000460015998039551,0.992
"227",250,0.233333333333333,15.7,0.000529181006624395,0.988
"228",250,0.233333333333333,17.3333333333333,0.000516887046253882,0.986
"229",250,0.233333333333333,18.9666666666667,0.000576346939396726,0.99
"230",250,0.233333333333333,20.6,0.000582492123056388,0.98
"231",250,0.233333333333333,22.2333333333333,0.000651209612155689,0.982
"232",250,0.233333333333333,23.8666666666667,0.000782463608907828,0.982
"233",250,0.233333333333333,25.5,0.000844941723319087,0.976
"234",250,0.233333333333333,27.1333333333333,0.000632631633706926,0.984
"235",250,0.233333333333333,28.7666666666667,0.000878640681748585,0.964
"236",250,0.233333333333333,30.4,0.000962218470906118,0.954
"237",250,0.233333333333333,32.0333333333333,0.000798547031739068,0.98
"238",250,0.233333333333333,33.6666666666667,0.000983330570928294,0.97
"239",250,0.233333333333333,35.3,0.00105525149252319,0.968
"240",250,0.233333333333333,36.9333333333333,0.00118914093693494,0.97
"241",250,0.233333333333333,38.5666666666667,0.0010173895555773,0.96
"242",250,0.233333333333333,40.2,0.00103984985588867,0.972
"243",250,0.233333333333333,41.8333333333333,0.00122670781819791,0.958
"244",250,0.233333333333333,43.4666666666667,0.00124406681736653,0.966
"245",250,0.233333333333333,45.1,0.00131224727796406,0.962
"246",250,0.233333333333333,46.7333333333333,0.00148903019992549,0.95
"247",250,0.233333333333333,48.3666666666667,0.00134474234614765,0.962
"248",250,0.233333333333333,50,0.00143127189124195,0.956
"249",250,0.266666666666667,1,0.000108665934203895,0.996
"250",250,0.266666666666667,2.63333333333333,0.000126427298797353,0.994
"251",250,0.266666666666667,4.26666666666667,0.000133326303925084,0.996
"252",250,0.266666666666667,5.9,0.00031189225786861,0.984
"253",250,0.266666666666667,7.53333333333333,0.000359537303850849,0.986
"254",250,0.266666666666667,9.16666666666667,0.000311627325356768,0.988
"255",250,0.266666666666667,10.8,0.000460152927489299,0.984
"256",250,0.266666666666667,12.4333333333333,0.000436845287636423,0.98
"257",250,0.266666666666667,14.0666666666667,0.00043429269502778,0.982
"258",250,0.266666666666667,15.7,0.000497342728153081,0.992
"259",250,0.266666666666667,17.3333333333333,0.000681107949835221,0.984
"260",250,0.266666666666667,18.9666666666667,0.00062204936780575,0.976
"261",250,0.266666666666667,20.6,0.00064006521223111,0.976
"262",250,0.266666666666667,22.2333333333333,0.000691167497255365,0.98
"263",250,0.266666666666667,23.8666666666667,0.000667122748328302,0.972
"264",250,0.266666666666667,25.5,0.000712670466889752,0.986
"265",250,0.266666666666667,27.1333333333333,0.000891463133351676,0.974
"266",250,0.266666666666667,28.7666666666667,0.000982933636566012,0.954
"267",250,0.266666666666667,30.4,0.000993757335092926,0.972
"268",250,0.266666666666667,32.0333333333333,0.00110498246694545,0.958
"269",250,0.266666666666667,33.6666666666667,0.00105536714591873,0.964
"270",250,0.266666666666667,35.3,0.00117935839751469,0.964
"271",250,0.266666666666667,36.9333333333333,0.00115008424811222,0.97
"272",250,0.266666666666667,38.5666666666667,0.00129823523159456,0.962
"273",250,0.266666666666667,40.2,0.00138577706052172,0.958
"274",250,0.266666666666667,41.8333333333333,0.00133820348182471,0.962
"275",250,0.266666666666667,43.4666666666667,0.00140737664117337,0.934
"276",250,0.266666666666667,45.1,0.00145630617174277,0.948
"277",250,0.266666666666667,46.7333333333333,0.00147053978501084,0.956
"278",250,0.266666666666667,48.3666666666667,0.00140922244368468,0.964
"279",250,0.266666666666667,50,0.00131372213016624,0.934
"280",250,0.3,1,0.000126120543359332,0.996
"281",250,0.3,2.63333333333333,0.000101467067001753,0.998
"282",250,0.3,4.26666666666667,0.000201038401409845,0.994
"283",250,0.3,5.9,0.000316371035355239,0.998
"284",250,0.3,7.53333333333333,0.000373924660025569,0.984
"285",250,0.3,9.16666666666667,0.000408479982138892,0.99
"286",250,0.3,10.8,0.000476706795122186,0.984
"287",250,0.3,12.4333333333333,0.000553717128549855,0.98
"288",250,0.3,14.0666666666667,0.000545410536406941,0.982
"289",250,0.3,15.7,0.000704939888883966,0.984
"290",250,0.3,17.3333333333333,0.000670502821974966,0.992
"291",250,0.3,18.9666666666667,0.000634119764288756,0.982
"292",250,0.3,20.6,0.000822461771603606,0.974
"293",250,0.3,22.2333333333333,0.000961020777495248,0.98
"294",250,0.3,23.8666666666667,0.000756902020828244,0.976
"295",250,0.3,25.5,0.000916395907498486,0.98
"296",250,0.3,27.1333333333333,0.0010560900816583,0.978
"297",250,0.3,28.7666666666667,0.00115209885639853,0.978
"298",250,0.3,30.4,0.00103306241860557,0.978
"299",250,0.3,32.0333333333333,0.00117055332094521,0.964
"300",250,0.3,33.6666666666667,0.00118627647678529,0.96
"301",250,0.3,35.3,0.00121876388802623,0.966
"302",250,0.3,36.9333333333333,0.00121212012235198,0.97
"303",250,0.3,38.5666666666667,0.00133177197223478,0.96
"304",250,0.3,40.2,0.00143271730924757,0.948
"305",250,0.3,41.8333333333333,0.0013937180151726,0.948
"306",250,0.3,43.4666666666667,0.00158934042991206,0.94
"307",250,0.3,45.1,0.00138077812926241,0.938
"308",250,0.3,46.7333333333333,0.00170622867674814,0.948
"309",250,0.3,48.3666666666667,0.00176172535754398,0.93
"310",250,0.3,50,0.00183082489099452,0.938
"311",250,0.333333333333333,1,0.000134378494581843,0.99
"312",250,0.333333333333333,2.63333333333333,0.00019905191439942,0.992
"313",250,0.333333333333333,4.26666666666667,0.000260161144345986,0.988
"314",250,0.333333333333333,5.9,0.000291343165295894,0.99
"315",250,0.333333333333333,7.53333333333333,0.000304268954372712,0.992
"316",250,0.333333333333333,9.16666666666667,0.000424610554270095,0.978
"317",250,0.333333333333333,10.8,0.000481324727513326,0.986
"318",250,0.333333333333333,12.4333333333333,0.000537420506810468,0.976
"319",250,0.333333333333333,14.0666666666667,0.000623113771765734,0.974
"320",250,0.333333333333333,15.7,0.000704332853769401,0.976
"321",250,0.333333333333333,17.3333333333333,0.000744213198678865,0.978
"322",250,0.333333333333333,18.9666666666667,0.000818836150719912,0.974
"323",250,0.333333333333333,20.6,0.000835401093760421,0.972
"324",250,0.333333333333333,22.2333333333333,0.000956239784020191,0.972
"325",250,0.333333333333333,23.8666666666667,0.00103389782682481,0.966
"326",250,0.333333333333333,25.5,0.000859464854089816,0.964
"327",250,0.333333333333333,27.1333333333333,0.00109671722533568,0.966
"328",250,0.333333333333333,28.7666666666667,0.00113441785148421,0.96
"329",250,0.333333333333333,30.4,0.00111130265389405,0.974
"330",250,0.333333333333333,32.0333333333333,0.00150022259133291,0.954
"331",250,0.333333333333333,33.6666666666667,0.00127373261084707,0.96
"332",250,0.333333333333333,35.3,0.00135484974389719,0.956
"333",250,0.333333333333333,36.9333333333333,0.00149702551821712,0.946
"334",250,0.333333333333333,38.5666666666667,0.00144057244405014,0.936
"335",250,0.333333333333333,40.2,0.00155182013780503,0.95
"336",250,0.333333333333333,41.8333333333333,0.00152558956580444,0.954
"337",250,0.333333333333333,43.4666666666667,0.00172506851725792,0.942
"338",250,0.333333333333333,45.1,0.00161639895277453,0.948
"339",250,0.333333333333333,46.7333333333333,0.00167410266325054,0.946
"340",250,0.333333333333333,48.3666666666667,0.00174915348889657,0.944
"341",250,0.333333333333333,50,0.00205846847550639,0.916
"342",250,0.366666666666667,1,9.24142012404729e-05,0.998
"343",250,0.366666666666667,2.63333333333333,0.000183965415687293,0.996
"344",250,0.366666666666667,4.26666666666667,0.000213422914205722,0.998
"345",250,0.366666666666667,5.9,0.000330890935352807,0.996
"346",250,0.366666666666667,7.53333333333333,0.000317557215100415,0.994
"347",250,0.366666666666667,9.16666666666667,0.000418441137799999,0.994
"348",250,0.366666666666667,10.8,0.000526055385060759,0.988
"349",250,0.366666666666667,12.4333333333333,0.000568957702767656,0.982
"350",250,0.366666666666667,14.0666666666667,0.000616539731234444,0.982
"351",250,0.366666666666667,15.7,0.000724676406770648,0.978
"352",250,0.366666666666667,17.3333333333333,0.000791245612059667,0.97
"353",250,0.366666666666667,18.9666666666667,0.000916428185268512,0.972
"354",250,0.366666666666667,20.6,0.000823358925178912,0.982
"355",250,0.366666666666667,22.2333333333333,0.00101551856993294,0.964
"356",250,0.366666666666667,23.8666666666667,0.000948015679154114,0.962
"357",250,0.366666666666667,25.5,0.00111061080144425,0.964
"358",250,0.366666666666667,27.1333333333333,0.00120314247076219,0.958
"359",250,0.366666666666667,28.7666666666667,0.00127351819805818,0.938
"360",250,0.366666666666667,30.4,0.00129352467020464,0.962
"361",250,0.366666666666667,32.0333333333333,0.00156574313820457,0.96
"362",250,0.366666666666667,33.6666666666667,0.00130431158314371,0.94
"363",250,0.366666666666667,35.3,0.00145645554813004,0.956
"364",250,0.366666666666667,36.9333333333333,0.00144986610835157,0.95
"365",250,0.366666666666667,38.5666666666667,0.00168827413787487,0.944
"366",250,0.366666666666667,40.2,0.00173597357006703,0.956
"367",250,0.366666666666667,41.8333333333333,0.00177196942578283,0.946
"368",250,0.366666666666667,43.4666666666667,0.00168622882914025,0.95
"369",250,0.366666666666667,45.1,0.00176344514808389,0.95
"370",250,0.366666666666667,46.7333333333333,0.00197780293197448,0.938
"371",250,0.366666666666667,48.3666666666667,0.00181626508550657,0.948
"372",250,0.366666666666667,50,0.00203351499459426,0.93
"373",250,0.4,1,9.23436943007198e-05,0.998
"374",250,0.4,2.63333333333333,0.000171793311390367,0.992
"375",250,0.4,4.26666666666667,0.000261576532901505,0.994
"376",250,0.4,5.9,0.000284511274275462,0.988
"377",250,0.4,7.53333333333333,0.000348335568249257,0.988
"378",250,0.4,9.16666666666667,0.000489199624921404,0.982
"379",250,0.4,10.8,0.000591267219578851,0.988
"380",250,0.4,12.4333333333333,0.000525149786942512,0.988
"381",250,0.4,14.0666666666667,0.000589203195711915,0.984
"382",250,0.4,15.7,0.000741323156611901,0.972
"383",250,0.4,17.3333333333333,0.00084726757710018,0.974
"384",250,0.4,18.9666666666667,0.000891461500959982,0.964
"385",250,0.4,20.6,0.00100994687519642,0.976
"386",250,0.4,22.2333333333333,0.00101013278435582,0.976
"387",250,0.4,23.8666666666667,0.00107065289534967,0.95
"388",250,0.4,25.5,0.00116422742680142,0.97
"389",250,0.4,27.1333333333333,0.00123287355065701,0.948
"390",250,0.4,28.7666666666667,0.00125545447238834,0.972
"391",250,0.4,30.4,0.00151284562488866,0.95
"392",250,0.4,32.0333333333333,0.00145702116797744,0.942
"393",250,0.4,33.6666666666667,0.00158075730950672,0.944
"394",250,0.4,35.3,0.00153637727715175,0.946
"395",250,0.4,36.9333333333333,0.00164508449971405,0.942
"396",250,0.4,38.5666666666667,0.00185221940637139,0.932
"397",250,0.4,40.2,0.00199759868468538,0.92
"398",250,0.4,41.8333333333333,0.00192945996788654,0.948
"399",250,0.4,43.4666666666667,0.00198476352306352,0.92
"400",250,0.4,45.1,0.00196378184987665,0.936
"401",250,0.4,46.7333333333333,0.0022006434283625,0.9
"402",250,0.4,48.3666666666667,0.00219861703502542,0.91
"403",250,0.4,50,0.00232527088078118,0.932
"404",250,0.433333333333333,1,8.86067541113466e-05,0.996
"405",250,0.433333333333333,2.63333333333333,0.000172239169747619,0.994
"406",250,0.433333333333333,4.26666666666667,0.000286773211171396,0.992
"407",250,0.433333333333333,5.9,0.000326206528021292,0.982
"408",250,0.433333333333333,7.53333333333333,0.000501100947171082,0.986
"409",250,0.433333333333333,9.16666666666667,0.000501030825060257,0.99
"410",250,0.433333333333333,10.8,0.000587015584140092,0.978
"411",250,0.433333333333333,12.4333333333333,0.00068750450230994,0.978
"412",250,0.433333333333333,14.0666666666667,0.000700499522730939,0.972
"413",250,0.433333333333333,15.7,0.000744679802190202,0.974
"414",250,0.433333333333333,17.3333333333333,0.000950378859042242,0.976
"415",250,0.433333333333333,18.9666666666667,0.00104223626776921,0.968
"416",250,0.433333333333333,20.6,0.000984244236748716,0.964
"417",250,0.433333333333333,22.2333333333333,0.00114230519937865,0.964
"418",250,0.433333333333333,23.8666666666667,0.00125104349906842,0.958
"419",250,0.433333333333333,25.5,0.00128764235436988,0.96
"420",250,0.433333333333333,27.1333333333333,0.00133517942224879,0.958
"421",250,0.433333333333333,28.7666666666667,0.0015169257583175,0.948
"422",250,0.433333333333333,30.4,0.00164189076239282,0.924
"423",250,0.433333333333333,32.0333333333333,0.00154276025489606,0.946
"424",250,0.433333333333333,33.6666666666667,0.00178180574966627,0.942
"425",250,0.433333333333333,35.3,0.00166473284354032,0.952
"426",250,0.433333333333333,36.9333333333333,0.00169976476113847,0.924
"427",250,0.433333333333333,38.5666666666667,0.00202167553954162,0.932
"428",250,0.433333333333333,40.2,0.00190405578816488,0.954
"429",250,0.433333333333333,41.8333333333333,0.00191299166311669,0.92
"430",250,0.433333333333333,43.4666666666667,0.00213039065420935,0.938
"431",250,0.433333333333333,45.1,0.00243717971718648,0.92
"432",250,0.433333333333333,46.7333333333333,0.00224301705912812,0.93
"433",250,0.433333333333333,48.3666666666667,0.00248055200719297,0.926
"434",250,0.433333333333333,50,0.00242503559914205,0.918
"435",250,0.466666666666667,1,0.000122594695096764,1
"436",250,0.466666666666667,2.63333333333333,0.000212606524327579,0.99
"437",250,0.466666666666667,4.26666666666667,0.000322499506562108,0.99
"438",250,0.466666666666667,5.9,0.000421034240686261,0.982
"439",250,0.466666666666667,7.53333333333333,0.000486916313120731,0.986
"440",250,0.466666666666667,9.16666666666667,0.000510142714114671,0.99
"441",250,0.466666666666667,10.8,0.000624580437962644,0.978
"442",250,0.466666666666667,12.4333333333333,0.000725361074170726,0.986
"443",250,0.466666666666667,14.0666666666667,0.000781802700169777,0.98
"444",250,0.466666666666667,15.7,0.000924331308762134,0.972
"445",250,0.466666666666667,17.3333333333333,0.000833010651454449,0.97
"446",250,0.466666666666667,18.9666666666667,0.0011246337987357,0.964
"447",250,0.466666666666667,20.6,0.00131367184428654,0.946
"448",250,0.466666666666667,22.2333333333333,0.0012787868673807,0.95
"449",250,0.466666666666667,23.8666666666667,0.00131355823551808,0.942
"450",250,0.466666666666667,25.5,0.00130253373673843,0.97
"451",250,0.466666666666667,27.1333333333333,0.00156649132986376,0.954
"452",250,0.466666666666667,28.7666666666667,0.00160116189697288,0.948
"453",250,0.466666666666667,30.4,0.00148694166132693,0.964
"454",250,0.466666666666667,32.0333333333333,0.00194111620347496,0.938
"455",250,0.466666666666667,33.6666666666667,0.00201302150642848,0.932
"456",250,0.466666666666667,35.3,0.00215023071789824,0.92
"457",250,0.466666666666667,36.9333333333333,0.00202208444185786,0.894
"458",250,0.466666666666667,38.5666666666667,0.00205453281336835,0.916
"459",250,0.466666666666667,40.2,0.00208480512416073,0.9
"460",250,0.466666666666667,41.8333333333333,0.00213736625030855,0.916
"461",250,0.466666666666667,43.4666666666667,0.00227294959510064,0.91
"462",250,0.466666666666667,45.1,0.00229227491553848,0.912
"463",250,0.466666666666667,46.7333333333333,0.0024604696214448,0.922
"464",250,0.466666666666667,48.3666666666667,0.00242818048420222,0.934
"465",250,0.466666666666667,50,0.00266608350979712,0.916
"466",250,0.5,1,4.27847338802193e-05,0.998
"467",250,0.5,2.63333333333333,0.000182220053355738,0.994
"468",250,0.5,4.26666666666667,0.000278727864786029,0.99
"469",250,0.5,5.9,0.00035611240962039,0.98
"470",250,0.5,7.53333333333333,0.000442730387175496,0.978
"471",250,0.5,9.16666666666667,0.000562203058349809,0.984
"472",250,0.5,10.8,0.000701813691684559,0.984
"473",250,0.5,12.4333333333333,0.000834138712619568,0.986
"474",250,0.5,14.0666666666667,0.000946757992121574,0.972
"475",250,0.5,15.7,0.000821047186406652,0.978
"476",250,0.5,17.3333333333333,0.00116976558144289,0.968
"477",250,0.5,18.9666666666667,0.00112413361176419,0.956
"478",250,0.5,20.6,0.00120131605246409,0.966
"479",250,0.5,22.2333333333333,0.00129216506774707,0.952
"480",250,0.5,23.8666666666667,0.0012064033459898,0.974
"481",250,0.5,25.5,0.00138911366371688,0.94
"482",250,0.5,27.1333333333333,0.00174441534631798,0.944
"483",250,0.5,28.7666666666667,0.00147508214601518,0.946
"484",250,0.5,30.4,0.00171722840056579,0.946
"485",250,0.5,32.0333333333333,0.00192351466149121,0.932
"486",250,0.5,33.6666666666667,0.00200201555116528,0.934
"487",250,0.5,35.3,0.00206226495962064,0.93
"488",250,0.5,36.9333333333333,0.00221204154957658,0.94
"489",250,0.5,38.5666666666667,0.00234018356624351,0.928
"490",250,0.5,40.2,0.00232173178488653,0.91
"491",250,0.5,41.8333333333333,0.00228523393888736,0.93
"492",250,0.5,43.4666666666667,0.0024481896439228,0.92
"493",250,0.5,45.1,0.00252714667523973,0.914
"494",250,0.5,46.7333333333333,0.00248500607006613,0.916
"495",250,0.5,48.3666666666667,0.00258743702558049,0.92
"496",250,0.5,50,0.00302889397183192,0.918
"497",250,0.533333333333333,1,8.6781012338062e-05,0.998
"498",250,0.533333333333333,2.63333333333333,0.000284367021180066,0.994
"499",250,0.533333333333333,4.26666666666667,0.000373304671006313,0.98
"500",250,0.533333333333333,5.9,0.00031813795714445,0.99
"501",250,0.533333333333333,7.53333333333333,0.000650236575199863,0.984
"502",250,0.533333333333333,9.16666666666667,0.000610727211640944,0.968
"503",250,0.533333333333333,10.8,0.00063471476049646,0.984
"504",250,0.533333333333333,12.4333333333333,0.000757826978436625,0.976
"505",250,0.533333333333333,14.0666666666667,0.000980305253998006,0.978
"506",250,0.533333333333333,15.7,0.000972736403321711,0.968
"507",250,0.533333333333333,17.3333333333333,0.00114277497470315,0.964
"508",250,0.533333333333333,18.9666666666667,0.00121612243706539,0.96
"509",250,0.533333333333333,20.6,0.00124204772671154,0.96
"510",250,0.533333333333333,22.2333333333333,0.00148609426934256,0.942
"511",250,0.533333333333333,23.8666666666667,0.0015480099963925,0.926
"512",250,0.533333333333333,25.5,0.00163061778897537,0.952
"513",250,0.533333333333333,27.1333333333333,0.00175882363826919,0.932
"514",250,0.533333333333333,28.7666666666667,0.00183839535611349,0.948
"515",250,0.533333333333333,30.4,0.00191454744558292,0.94
"516",250,0.533333333333333,32.0333333333333,0.00197436313545567,0.93
"517",250,0.533333333333333,33.6666666666667,0.00208855608829991,0.92
"518",250,0.533333333333333,35.3,0.00232214032938195,0.918
"519",250,0.533333333333333,36.9333333333333,0.0019217512968569,0.93
"520",250,0.533333333333333,38.5666666666667,0.00230598852709414,0.904
"521",250,0.533333333333333,40.2,0.0024176924620448,0.912
"522",250,0.533333333333333,41.8333333333333,0.00249630987684373,0.914
"523",250,0.533333333333333,43.4666666666667,0.00280076636483525,0.908
"524",250,0.533333333333333,45.1,0.00286093765712134,0.928
"525",250,0.533333333333333,46.7333333333333,0.00282127467006774,0.902
"526",250,0.533333333333333,48.3666666666667,0.00302958101789879,0.902
"527",250,0.533333333333333,50,0.00305198133157512,0.902
"528",250,0.566666666666667,1,0.000125536553072953,0.994
"529",250,0.566666666666667,2.63333333333333,0.000140386507250507,0.996
"530",250,0.566666666666667,4.26666666666667,0.000347551757875774,0.994
"531",250,0.566666666666667,5.9,0.00043407997264799,0.984
"532",250,0.566666666666667,7.53333333333333,0.000546737582509342,0.986
"533",250,0.566666666666667,9.16666666666667,0.00064105064516776,0.98
"534",250,0.566666666666667,10.8,0.000740750295216669,0.964
"535",250,0.566666666666667,12.4333333333333,0.000766566869187636,0.98
"536",250,0.566666666666667,14.0666666666667,0.000987801747074873,0.968
"537",250,0.566666666666667,15.7,0.000952889820273713,0.97
"538",250,0.566666666666667,17.3333333333333,0.00134166914152146,0.944
"539",250,0.566666666666667,18.9666666666667,0.00128864913566781,0.966
"540",250,0.566666666666667,20.6,0.00115079694588299,0.964
"541",250,0.566666666666667,22.2333333333333,0.00143010925443761,0.958
"542",250,0.566666666666667,23.8666666666667,0.0014527699791915,0.954
"543",250,0.566666666666667,25.5,0.00162822991608224,0.958
"544",250,0.566666666666667,27.1333333333333,0.00179392193820455,0.936
"545",250,0.566666666666667,28.7666666666667,0.00183422673230323,0.932
"546",250,0.566666666666667,30.4,0.00200791413303553,0.916
"547",250,0.566666666666667,32.0333333333333,0.00213479506012389,0.918
"548",250,0.566666666666667,33.6666666666667,0.00212298031198833,0.948
"549",250,0.566666666666667,35.3,0.00224407492899986,0.942
"550",250,0.566666666666667,36.9333333333333,0.00254437122057261,0.906
"551",250,0.566666666666667,38.5666666666667,0.00269294252851693,0.902
"552",250,0.566666666666667,40.2,0.00248064798581048,0.908
"553",250,0.566666666666667,41.8333333333333,0.0028051023435122,0.908
"554",250,0.566666666666667,43.4666666666667,0.00292070704065395,0.892
"555",250,0.566666666666667,45.1,0.00292678051539481,0.902
"556",250,0.566666666666667,46.7333333333333,0.00299918113978934,0.904
"557",250,0.566666666666667,48.3666666666667,0.00297362190909236,0.91
"558",250,0.566666666666667,50,0.00340264526594114,0.892
"559",250,0.6,1,8.9484319215456e-05,1
"560",250,0.6,2.63333333333333,0.000234900412394814,0.996
"561",250,0.6,4.26666666666667,0.000355822512917763,0.988
"562",250,0.6,5.9,0.000364493940064798,0.996
"563",250,0.6,7.53333333333333,0.000558436949954867,0.988
"564",250,0.6,9.16666666666667,0.000719190619307945,0.978
"565",250,0.6,10.8,0.000795265485814943,0.978
"566",250,0.6,12.4333333333333,0.00101772036345515,0.97
"567",250,0.6,14.0666666666667,0.00102263182578646,0.968
"568",250,0.6,15.7,0.00100077824851645,0.972
"569",250,0.6,17.3333333333333,0.00130936726629035,0.958
"570",250,0.6,18.9666666666667,0.00121629286205662,0.954
"571",250,0.6,20.6,0.00124607498377743,0.948
"572",250,0.6,22.2333333333333,0.0014081840389573,0.946
"573",250,0.6,23.8666666666667,0.00191222420744979,0.918
"574",250,0.6,25.5,0.00159579258080997,0.94
"575",250,0.6,27.1333333333333,0.0019487234681701,0.924
"576",250,0.6,28.7666666666667,0.00208866667340975,0.934
"577",250,0.6,30.4,0.00206158489247231,0.938
"578",250,0.6,32.0333333333333,0.00216466697102186,0.92
"579",250,0.6,33.6666666666667,0.00205043553698624,0.9
"580",250,0.6,35.3,0.00234075667488484,0.9
"581",250,0.6,36.9333333333333,0.00254985225838386,0.912
"582",250,0.6,38.5666666666667,0.00279811041588413,0.922
"583",250,0.6,40.2,0.00262652037585461,0.916
"584",250,0.6,41.8333333333333,0.00304475729826516,0.872
"585",250,0.6,43.4666666666667,0.00312176327332513,0.894
"586",250,0.6,45.1,0.00304640055091856,0.896
"587",250,0.6,46.7333333333333,0.00307947077071308,0.902
"588",250,0.6,48.3666666666667,0.00316923068455405,0.904
"589",250,0.6,50,0.00341557278954095,0.894
"590",250,0.633333333333333,1,8.5953220771258e-05,0.998
"591",250,0.633333333333333,2.63333333333333,0.000269706766896384,0.992
"592",250,0.633333333333333,4.26666666666667,0.000305014955771608,0.986
"593",250,0.633333333333333,5.9,0.000536089630690263,0.988
"594",250,0.633333333333333,7.53333333333333,0.000513864832384827,0.992
"595",250,0.633333333333333,9.16666666666667,0.000679101080032962,0.984
"596",250,0.633333333333333,10.8,0.000801182907813227,0.978
"597",250,0.633333333333333,12.4333333333333,0.000776345548178316,0.98
"598",250,0.633333333333333,14.0666666666667,0.000974074087476289,0.966
"599",250,0.633333333333333,15.7,0.00121825873068807,0.958
"600",250,0.633333333333333,17.3333333333333,0.00120304251861881,0.956
"601",250,0.633333333333333,18.9666666666667,0.00129961495861122,0.948
"602",250,0.633333333333333,20.6,0.00154636196625271,0.956
"603",250,0.633333333333333,22.2333333333333,0.00178074575397899,0.924
"604",250,0.633333333333333,23.8666666666667,0.00180356095055826,0.934
"605",250,0.633333333333333,25.5,0.00191097256353266,0.95
"606",250,0.633333333333333,27.1333333333333,0.00183738864982822,0.952
"607",250,0.633333333333333,28.7666666666667,0.00225836700866315,0.938
"608",250,0.633333333333333,30.4,0.0021780641784412,0.928
"609",250,0.633333333333333,32.0333333333333,0.00231744340020109,0.94
"610",250,0.633333333333333,33.6666666666667,0.00235321723366896,0.928
"611",250,0.633333333333333,35.3,0.00267049626114943,0.912
"612",250,0.633333333333333,36.9333333333333,0.00280642452863022,0.902
"613",250,0.633333333333333,38.5666666666667,0.0026016687460542,0.896
"614",250,0.633333333333333,40.2,0.00302961268786864,0.876
"615",250,0.633333333333333,41.8333333333333,0.00320100810400455,0.9
"616",250,0.633333333333333,43.4666666666667,0.00319719846836629,0.858
"617",250,0.633333333333333,45.1,0.00336410902365871,0.864
"618",250,0.633333333333333,46.7333333333333,0.00313746637411297,0.898
"619",250,0.633333333333333,48.3666666666667,0.00324429378623408,0.882
"620",250,0.633333333333333,50,0.00366573030607198,0.872
"621",250,0.666666666666667,1,0.000139188687799013,0.998
"622",250,0.666666666666667,2.63333333333333,0.000243912338053657,0.984
"623",250,0.666666666666667,4.26666666666667,0.000383704977256539,0.992
"624",250,0.666666666666667,5.9,0.000576649180260953,0.988
"625",250,0.666666666666667,7.53333333333333,0.000615059963005807,0.976
"626",250,0.666666666666667,9.16666666666667,0.00090320189993381,0.968
"627",250,0.666666666666667,10.8,0.000831803997209018,0.978
"628",250,0.666666666666667,12.4333333333333,0.000942886377891978,0.962
"629",250,0.666666666666667,14.0666666666667,0.00106620403551648,0.968
"630",250,0.666666666666667,15.7,0.00118710055312485,0.964
"631",250,0.666666666666667,17.3333333333333,0.00128940641612132,0.964
"632",250,0.666666666666667,18.9666666666667,0.00147691186797888,0.952
"633",250,0.666666666666667,20.6,0.00163041746340397,0.932
"634",250,0.666666666666667,22.2333333333333,0.00172126150555114,0.954
"635",250,0.666666666666667,23.8666666666667,0.0018532274797898,0.924
"636",250,0.666666666666667,25.5,0.00186108928103115,0.944
"637",250,0.666666666666667,27.1333333333333,0.0018524855364829,0.932
"638",250,0.666666666666667,28.7666666666667,0.00204964276825976,0.934
"639",250,0.666666666666667,30.4,0.0023541694056652,0.926
"640",250,0.666666666666667,32.0333333333333,0.00257328433290404,0.91
"641",250,0.666666666666667,33.6666666666667,0.00289151278018367,0.882
"642",250,0.666666666666667,35.3,0.00266304602305078,0.906
"643",250,0.666666666666667,36.9333333333333,0.00287895718674674,0.896
"644",250,0.666666666666667,38.5666666666667,0.00271465467585549,0.866
"645",250,0.666666666666667,40.2,0.00273403001572795,0.896
"646",250,0.666666666666667,41.8333333333333,0.00325009862259204,0.882
"647",250,0.666666666666667,43.4666666666667,0.00320306016930183,0.856
"648",250,0.666666666666667,45.1,0.00334645993147563,0.87
"649",250,0.666666666666667,46.7333333333333,0.00355812913194937,0.88
"650",250,0.666666666666667,48.3666666666667,0.00387134473295381,0.878
"651",250,0.666666666666667,50,0.0039147131599343,0.854
"652",250,0.7,1,0.000102372578385803,0.996
"653",250,0.7,2.63333333333333,0.000230963358119736,0.994
"654",250,0.7,4.26666666666667,0.000342795529954766,0.99
"655",250,0.7,5.9,0.000606242556062012,0.976
"656",250,0.7,7.53333333333333,0.00068104557365798,0.972
"657",250,0.7,9.16666666666667,0.000814117397913969,0.984
"658",250,0.7,10.8,0.000843333923890955,0.982
"659",250,0.7,12.4333333333333,0.000961083876715657,0.982
"660",250,0.7,14.0666666666667,0.00108489349341539,0.978
"661",250,0.7,15.7,0.00119923665429058,0.964
"662",250,0.7,17.3333333333333,0.00125731865778548,0.962
"663",250,0.7,18.9666666666667,0.00152508377370557,0.952
"664",250,0.7,20.6,0.00176700398776675,0.942
"665",250,0.7,22.2333333333333,0.00186516940069756,0.942
"666",250,0.7,23.8666666666667,0.00214186303063931,0.92
"667",250,0.7,25.5,0.00185209293110899,0.926
"668",250,0.7,27.1333333333333,0.00214376767115683,0.922
"669",250,0.7,28.7666666666667,0.00221905631682747,0.94
"670",250,0.7,30.4,0.00219160078244971,0.926
"671",250,0.7,32.0333333333333,0.00262302230628851,0.93
"672",250,0.7,33.6666666666667,0.00262160238383802,0.914
"673",250,0.7,35.3,0.00285369935191891,0.918
"674",250,0.7,36.9333333333333,0.00279587045249009,0.902
"675",250,0.7,38.5666666666667,0.00324467580730823,0.868
"676",250,0.7,40.2,0.00327289164527027,0.872
"677",250,0.7,41.8333333333333,0.00312638467711744,0.904
"678",250,0.7,43.4666666666667,0.00325726959362822,0.866
"679",250,0.7,45.1,0.00354101474323644,0.894
"680",250,0.7,46.7333333333333,0.00360037642290729,0.874
"681",250,0.7,48.3666666666667,0.00386440185793968,0.882
"682",250,0.7,50,0.00408572002380272,0.814
"683",250,0.733333333333333,1,8.52311653827874e-05,0.998
"684",250,0.733333333333333,2.63333333333333,0.000218333072258249,0.99
"685",250,0.733333333333333,4.26666666666667,0.000404225982076777,0.986
"686",250,0.733333333333333,5.9,0.000615159539430276,0.974
"687",250,0.733333333333333,7.53333333333333,0.000663471709225707,0.984
"688",250,0.733333333333333,9.16666666666667,0.000737544729006982,0.982
"689",250,0.733333333333333,10.8,0.00106566833036351,0.976
"690",250,0.733333333333333,12.4333333333333,0.000942656759196343,0.97
"691",250,0.733333333333333,14.0666666666667,0.00112905640877677,0.966
"692",250,0.733333333333333,15.7,0.00138446707083057,0.956
"693",250,0.733333333333333,17.3333333333333,0.00132863123724735,0.946
"694",250,0.733333333333333,18.9666666666667,0.00169595123835146,0.942
"695",250,0.733333333333333,20.6,0.00157595590608785,0.956
"696",250,0.733333333333333,22.2333333333333,0.00194619689912527,0.918
"697",250,0.733333333333333,23.8666666666667,0.00200012482646086,0.938
"698",250,0.733333333333333,25.5,0.00210963043190129,0.938
"699",250,0.733333333333333,27.1333333333333,0.00262952628189838,0.93
"700",250,0.733333333333333,28.7666666666667,0.00256479558322931,0.92
"701",250,0.733333333333333,30.4,0.00247207900633649,0.912
"702",250,0.733333333333333,32.0333333333333,0.00266519840822391,0.908
"703",250,0.733333333333333,33.6666666666667,0.00287134441106944,0.906
"704",250,0.733333333333333,35.3,0.00285446856006855,0.89
"705",250,0.733333333333333,36.9333333333333,0.00308769367021612,0.892
"706",250,0.733333333333333,38.5666666666667,0.00350362169945544,0.868
"707",250,0.733333333333333,40.2,0.00346406513568155,0.878
"708",250,0.733333333333333,41.8333333333333,0.00349225323075876,0.868
"709",250,0.733333333333333,43.4666666666667,0.00378064194898369,0.866
"710",250,0.733333333333333,45.1,0.00390485602265065,0.868
"711",250,0.733333333333333,46.7333333333333,0.00398780251259381,0.86
"712",250,0.733333333333333,48.3666666666667,0.00403488003223543,0.838
"713",250,0.733333333333333,50,0.00420139227298211,0.846
"714",250,0.766666666666667,1,0.000106788805003076,0.992
"715",250,0.766666666666667,2.63333333333333,0.0002671803467821,0.992
"716",250,0.766666666666667,4.26666666666667,0.000329772573778845,0.992
"717",250,0.766666666666667,5.9,0.000557977706434075,0.992
"718",250,0.766666666666667,7.53333333333333,0.000772762016877439,0.974
"719",250,0.766666666666667,9.16666666666667,0.00097275354813946,0.974
"720",250,0.766666666666667,10.8,0.000979890363379873,0.96
"721",250,0.766666666666667,12.4333333333333,0.00109255436214854,0.966
"722",250,0.766666666666667,14.0666666666667,0.00112966327415339,0.954
"723",250,0.766666666666667,15.7,0.00133670565220176,0.964
"724",250,0.766666666666667,17.3333333333333,0.00161689911470747,0.94
"725",250,0.766666666666667,18.9666666666667,0.0016151543106754,0.942
"726",250,0.766666666666667,20.6,0.00174498983274778,0.934
"727",250,0.766666666666667,22.2333333333333,0.00205753365144955,0.91
"728",250,0.766666666666667,23.8666666666667,0.00218065383822625,0.928
"729",250,0.766666666666667,25.5,0.00240653413137272,0.91
"730",250,0.766666666666667,27.1333333333333,0.00238250230417047,0.916
"731",250,0.766666666666667,28.7666666666667,0.00245479625853237,0.928
"732",250,0.766666666666667,30.4,0.00249197085687582,0.912
"733",250,0.766666666666667,32.0333333333333,0.00252643277874125,0.938
"734",250,0.766666666666667,33.6666666666667,0.00284612534579276,0.89
"735",250,0.766666666666667,35.3,0.00301137307449817,0.9
"736",250,0.766666666666667,36.9333333333333,0.00316857796931361,0.882
"737",250,0.766666666666667,38.5666666666667,0.00330170139524925,0.892
"738",250,0.766666666666667,40.2,0.00345382719111658,0.882
"739",250,0.766666666666667,41.8333333333333,0.00368302780423986,0.854
"740",250,0.766666666666667,43.4666666666667,0.00383370540140068,0.85
"741",250,0.766666666666667,45.1,0.00381904561197945,0.874
"742",250,0.766666666666667,46.7333333333333,0.00417070303090858,0.838
"743",250,0.766666666666667,48.3666666666667,0.0041506886424313,0.82
"744",250,0.766666666666667,50,0.0044419402695731,0.842
"745",250,0.8,1,0.000121432507008393,0.996
"746",250,0.8,2.63333333333333,0.000228691781002567,0.992
"747",250,0.8,4.26666666666667,0.00036078046551805,0.988
"748",250,0.8,5.9,0.000580435992802589,0.972
"749",250,0.8,7.53333333333333,0.000641557846734266,0.97
"750",250,0.8,9.16666666666667,0.000943079719697476,0.974
"751",250,0.8,10.8,0.000919116470644227,0.966
"752",250,0.8,12.4333333333333,0.00118690482027388,0.956
"753",250,0.8,14.0666666666667,0.00132013220185721,0.952
"754",250,0.8,15.7,0.00149424314762974,0.95
"755",250,0.8,17.3333333333333,0.00173816268231138,0.946
"756",250,0.8,18.9666666666667,0.00179745976642476,0.958
"757",250,0.8,20.6,0.00181085206073115,0.928
"758",250,0.8,22.2333333333333,0.00189210504057545,0.922
"759",250,0.8,23.8666666666667,0.00229331768096127,0.952
"760",250,0.8,25.5,0.00233202782061369,0.898
"761",250,0.8,27.1333333333333,0.00248718262969291,0.912
"762",250,0.8,28.7666666666667,0.00272149668351704,0.894
"763",250,0.8,30.4,0.00272105456704523,0.916
"764",250,0.8,32.0333333333333,0.00288537625924858,0.902
"765",250,0.8,33.6666666666667,0.00283875155500577,0.892
"766",250,0.8,35.3,0.00310178033488379,0.884
"767",250,0.8,36.9333333333333,0.00352364435262987,0.878
"768",250,0.8,38.5666666666667,0.00347125329606797,0.884
"769",250,0.8,40.2,0.00355841719355647,0.86
"770",250,0.8,41.8333333333333,0.00356545838867828,0.876
"771",250,0.8,43.4666666666667,0.00398880398343163,0.848
"772",250,0.8,45.1,0.0041066846260679,0.852
"773",250,0.8,46.7333333333333,0.00432564754200623,0.858
"774",250,0.8,48.3666666666667,0.00444203786504577,0.848
"775",250,0.8,50,0.00462812621395034,0.856
"776",250,0.833333333333333,1,4.76730456611765e-05,0.998
"777",250,0.833333333333333,2.63333333333333,0.000295408141167666,0.98
"778",250,0.833333333333333,4.26666666666667,0.000433257349947363,0.998
"779",250,0.833333333333333,5.9,0.000501084652174006,0.978
"780",250,0.833333333333333,7.53333333333333,0.000780891984270842,0.972
"781",250,0.833333333333333,9.16666666666667,0.000844305843557072,0.97
"782",250,0.833333333333333,10.8,0.00107801132979914,0.958
"783",250,0.833333333333333,12.4333333333333,0.00113524784052108,0.97
"784",250,0.833333333333333,14.0666666666667,0.00123067532610162,0.974
"785",250,0.833333333333333,15.7,0.00158015238063721,0.954
"786",250,0.833333333333333,17.3333333333333,0.00158371115209775,0.958
"787",250,0.833333333333333,18.9666666666667,0.00179054471275556,0.956
"788",250,0.833333333333333,20.6,0.00179144078479826,0.946
"789",250,0.833333333333333,22.2333333333333,0.00227457490841403,0.928
"790",250,0.833333333333333,23.8666666666667,0.0023366529482524,0.928
"791",250,0.833333333333333,25.5,0.00242233312701402,0.91
"792",250,0.833333333333333,27.1333333333333,0.00251479600568773,0.908
"793",250,0.833333333333333,28.7666666666667,0.00265541944258309,0.906
"794",250,0.833333333333333,30.4,0.00295211064643614,0.872
"795",250,0.833333333333333,32.0333333333333,0.00312655243008963,0.902
"796",250,0.833333333333333,33.6666666666667,0.00310060925459194,0.914
"797",250,0.833333333333333,35.3,0.003471758248962,0.854
"798",250,0.833333333333333,36.9333333333333,0.00343866078125598,0.9
"799",250,0.833333333333333,38.5666666666667,0.00353384253922686,0.89
"800",250,0.833333333333333,40.2,0.00378756095926238,0.874
"801",250,0.833333333333333,41.8333333333333,0.00382242793295676,0.864
"802",250,0.833333333333333,43.4666666666667,0.00431371746274373,0.832
"803",250,0.833333333333333,45.1,0.00401582652734915,0.886
"804",250,0.833333333333333,46.7333333333333,0.00444117603017163,0.834
"805",250,0.833333333333333,48.3666666666667,0.00407950478738063,0.866
"806",250,0.833333333333333,50,0.00491992958509436,0.81
"807",250,0.866666666666667,1,0.000135357224346513,0.996
"808",250,0.866666666666667,2.63333333333333,0.000273945020434323,0.994
"809",250,0.866666666666667,4.26666666666667,0.000485200245365276,0.986
"810",250,0.866666666666667,5.9,0.000545968397295057,0.986
"811",250,0.866666666666667,7.53333333333333,0.000702091605548143,0.98
"812",250,0.866666666666667,9.16666666666667,0.000888865904185286,0.972
"813",250,0.866666666666667,10.8,0.00105105674097198,0.968
"814",250,0.866666666666667,12.4333333333333,0.00113319390998718,0.962
"815",250,0.866666666666667,14.0666666666667,0.00148139251701523,0.956
"816",250,0.866666666666667,15.7,0.00165478315029161,0.95
"817",250,0.866666666666667,17.3333333333333,0.00155619856888186,0.956
"818",250,0.866666666666667,18.9666666666667,0.00199392033329486,0.934
"819",250,0.866666666666667,20.6,0.00202689191390671,0.942
"820",250,0.866666666666667,22.2333333333333,0.00233830795444238,0.908
"821",250,0.866666666666667,23.8666666666667,0.00223926744817402,0.928
"822",250,0.866666666666667,25.5,0.00229695550216116,0.92
"823",250,0.866666666666667,27.1333333333333,0.00254598443344064,0.906
"824",250,0.866666666666667,28.7666666666667,0.0030235909162683,0.876
"825",250,0.866666666666667,30.4,0.00305365058585833,0.898
"826",250,0.866666666666667,32.0333333333333,0.00311961506349877,0.906
"827",250,0.866666666666667,33.6666666666667,0.00328802239776682,0.88
"828",250,0.866666666666667,35.3,0.00358983058725731,0.864
"829",250,0.866666666666667,36.9333333333333,0.00349480994641696,0.886
"830",250,0.866666666666667,38.5666666666667,0.00368839144054965,0.882
"831",250,0.866666666666667,40.2,0.00410307044951432,0.862
"832",250,0.866666666666667,41.8333333333333,0.00425251379193469,0.86
"833",250,0.866666666666667,43.4666666666667,0.00416726639150251,0.852
"834",250,0.866666666666667,45.1,0.00446272326861323,0.834
"835",250,0.866666666666667,46.7333333333333,0.00443314699745451,0.822
"836",250,0.866666666666667,48.3666666666667,0.00467587497082845,0.822
"837",250,0.866666666666667,50,0.00498403006061885,0.832
"838",250,0.9,1,0.000137429512558602,0.994
"839",250,0.9,2.63333333333333,0.000294002081910721,0.988
"840",250,0.9,4.26666666666667,0.000512621151317847,0.998
"841",250,0.9,5.9,0.000623536294049456,0.988
"842",250,0.9,7.53333333333333,0.000728722001486108,0.978
"843",250,0.9,9.16666666666667,0.000947015759456695,0.962
"844",250,0.9,10.8,0.00110085645941459,0.968
"845",250,0.9,12.4333333333333,0.00145256950595664,0.964
"846",250,0.9,14.0666666666667,0.00132897509855915,0.95
"847",250,0.9,15.7,0.00140701428363374,0.942
"848",250,0.9,17.3333333333333,0.00190201450474901,0.932
"849",250,0.9,18.9666666666667,0.00187022539148858,0.92
"850",250,0.9,20.6,0.00226534089721431,0.934
"851",250,0.9,22.2333333333333,0.00207388793104934,0.92
"852",250,0.9,23.8666666666667,0.00242386531946279,0.922
"853",250,0.9,25.5,0.00252928514271924,0.908
"854",250,0.9,27.1333333333333,0.00268532427651995,0.9
"855",250,0.9,28.7666666666667,0.00311324023731055,0.902
"856",250,0.9,30.4,0.00292850707058274,0.908
"857",250,0.9,32.0333333333333,0.00362875836924595,0.88
"858",250,0.9,33.6666666666667,0.00346060924420256,0.84
"859",250,0.9,35.3,0.00381181523770575,0.86
"860",250,0.9,36.9333333333333,0.00348475328341932,0.876
"861",250,0.9,38.5666666666667,0.00390265125656851,0.858
"862",250,0.9,40.2,0.00438337161931912,0.874
"863",250,0.9,41.8333333333333,0.0042318211757127,0.836
"864",250,0.9,43.4666666666667,0.00437723649461603,0.816
"865",250,0.9,45.1,0.0044576847990934,0.822
"866",250,0.9,46.7333333333333,0.00486914344293554,0.788
"867",250,0.9,48.3666666666667,0.00483798351472933,0.842
"868",250,0.9,50,0.00492333910308733,0.816
"869",250,0.933333333333333,1,0.000109189632668205,0.994
"870",250,0.933333333333333,2.63333333333333,0.00022339937871977,0.99
"871",250,0.933333333333333,4.26666666666667,0.000407956548570755,0.994
"872",250,0.933333333333333,5.9,0.000567608448572838,0.982
"873",250,0.933333333333333,7.53333333333333,0.000819275705634005,0.978
"874",250,0.933333333333333,9.16666666666667,0.000983172558070914,0.972
"875",250,0.933333333333333,10.8,0.00138475804673278,0.948
"876",250,0.933333333333333,12.4333333333333,0.00141006793711339,0.95
"877",250,0.933333333333333,14.0666666666667,0.00143742088053072,0.96
"878",250,0.933333333333333,15.7,0.00173024845114836,0.948
"879",250,0.933333333333333,17.3333333333333,0.00201018446850474,0.93
"880",250,0.933333333333333,18.9666666666667,0.00198647801059404,0.926
"881",250,0.933333333333333,20.6,0.00242662122957803,0.912
"882",250,0.933333333333333,22.2333333333333,0.00232905046947199,0.908
"883",250,0.933333333333333,23.8666666666667,0.00252117245755639,0.912
"884",250,0.933333333333333,25.5,0.0026088341640714,0.916
"885",250,0.933333333333333,27.1333333333333,0.00260594909959418,0.908
"886",250,0.933333333333333,28.7666666666667,0.00310371246144251,0.906
"887",250,0.933333333333333,30.4,0.00300043539022501,0.886
"888",250,0.933333333333333,32.0333333333333,0.00330979220128649,0.87
"889",250,0.933333333333333,33.6666666666667,0.00364754934650725,0.876
"890",250,0.933333333333333,35.3,0.00391222523746797,0.858
"891",250,0.933333333333333,36.9333333333333,0.0041162224399847,0.84
"892",250,0.933333333333333,38.5666666666667,0.00436594534326864,0.852
"893",250,0.933333333333333,40.2,0.00422551666466479,0.844
"894",250,0.933333333333333,41.8333333333333,0.00450920752897325,0.828
"895",250,0.933333333333333,43.4666666666667,0.0043764475896309,0.844
"896",250,0.933333333333333,45.1,0.0048049975453667,0.85
"897",250,0.933333333333333,46.7333333333333,0.00467133363915506,0.834
"898",250,0.933333333333333,48.3666666666667,0.00506785501127959,0.822
"899",250,0.933333333333333,50,0.00486741647843243,0.79
"900",250,0.966666666666667,1,0.000101829393440225,1
"901",250,0.966666666666667,2.63333333333333,0.000263107184617567,0.994
"902",250,0.966666666666667,4.26666666666667,0.000424911547931933,0.982
"903",250,0.966666666666667,5.9,0.000631620886857022,0.976
"904",250,0.966666666666667,7.53333333333333,0.000774520287599285,0.972
"905",250,0.966666666666667,9.16666666666667,0.000883956341299528,0.97
"906",250,0.966666666666667,10.8,0.00129733934300481,0.964
"907",250,0.966666666666667,12.4333333333333,0.00137488395353755,0.942
"908",250,0.966666666666667,14.0666666666667,0.00146006739970432,0.95
"909",250,0.966666666666667,15.7,0.00158592477676881,0.952
"910",250,0.966666666666667,17.3333333333333,0.00180561642900303,0.928
"911",250,0.966666666666667,18.9666666666667,0.00220305848812577,0.908
"912",250,0.966666666666667,20.6,0.00237202695890777,0.92
"913",250,0.966666666666667,22.2333333333333,0.00239872212815745,0.91
"914",250,0.966666666666667,23.8666666666667,0.00249093940272929,0.928
"915",250,0.966666666666667,25.5,0.00253120137005791,0.902
"916",250,0.966666666666667,27.1333333333333,0.00277596097839322,0.912
"917",250,0.966666666666667,28.7666666666667,0.0031089157179114,0.898
"918",250,0.966666666666667,30.4,0.00313411964501729,0.892
"919",250,0.966666666666667,32.0333333333333,0.0031788998877117,0.884
"920",250,0.966666666666667,33.6666666666667,0.00341713953547405,0.896
"921",250,0.966666666666667,35.3,0.00370026214113858,0.856
"922",250,0.966666666666667,36.9333333333333,0.0043332624292639,0.852
"923",250,0.966666666666667,38.5666666666667,0.00408105987818218,0.854
"924",250,0.966666666666667,40.2,0.00420419524910367,0.848
"925",250,0.966666666666667,41.8333333333333,0.00460504535078451,0.838
"926",250,0.966666666666667,43.4666666666667,0.00450893071241428,0.832
"927",250,0.966666666666667,45.1,0.00469111839639216,0.826
"928",250,0.966666666666667,46.7333333333333,0.00501161034760554,0.798
"929",250,0.966666666666667,48.3666666666667,0.005268566795234,0.818
"930",250,0.966666666666667,50,0.00542521296447693,0.814
"931",250,1,1,0.000146440078228816,0.998
"932",250,1,2.63333333333333,0.000309569837288513,0.988
"933",250,1,4.26666666666667,0.000567879970611162,0.976
"934",250,1,5.9,0.000603813852795606,0.988
"935",250,1,7.53333333333333,0.000846631998838639,0.968
"936",250,1,9.16666666666667,0.00109113172856031,0.972
"937",250,1,10.8,0.00129644457808646,0.95
"938",250,1,12.4333333333333,0.00147359647466205,0.964
"939",250,1,14.0666666666667,0.00161463528614286,0.94
"940",250,1,15.7,0.00180607267942826,0.936
"941",250,1,17.3333333333333,0.00201896664114815,0.96
"942",250,1,18.9666666666667,0.00214184758958048,0.918
"943",250,1,20.6,0.00237481802428391,0.928
"944",250,1,22.2333333333333,0.00248083202699714,0.908
"945",250,1,23.8666666666667,0.00274824948761984,0.902
"946",250,1,25.5,0.00309831561807915,0.896
"947",250,1,27.1333333333333,0.00291923513595795,0.904
"948",250,1,28.7666666666667,0.00305238502872543,0.886
"949",250,1,30.4,0.00353809012383849,0.866
"950",250,1,32.0333333333333,0.00318374317021644,0.904
"951",250,1,33.6666666666667,0.00352033452028491,0.86
"952",250,1,35.3,0.00398911141050051,0.854
"953",250,1,36.9333333333333,0.00416210971754226,0.852
"954",250,1,38.5666666666667,0.00411323582114011,0.884
"955",250,1,40.2,0.0044949466995711,0.868
"956",250,1,41.8333333333333,0.00516923252450272,0.834
"957",250,1,43.4666666666667,0.00500487025573046,0.812
"958",250,1,45.1,0.00515639818600935,0.816
"959",250,1,46.7333333333333,0.00536408804926135,0.786
"960",250,1,48.3666666666667,0.00524498740179257,0.798
"961",250,1,50,0.00580695067953272,0.804
